refArea,Number of cases,Observation URI,references,publisher,disease,dataset,refPeriod
https://dbpedia.org/resource/Beqaa_Valley,0,http://linked.aub.edu.lb/CODEC/observation/Bekaa-2015-01-Plague,https://www.moph.gov.lb/userfiles/files/Esu_data/Esu_pastyears/Bekaa2015.htm,Ministry of Public Health,http://dbpedia.org/resource/Bubonic_plague,http://linked.aub.edu.lb/CODEC/Dataset/Plague,http://server/unset-base/01-2015
https://dbpedia.org/resource/Beqaa_Valley,0,http://linked.aub.edu.lb/CODEC/observation/Bekaa-2015-02-Plague,https://www.moph.gov.lb/userfiles/files/Esu_data/Esu_pastyears/Bekaa2015.htm,Ministry of Public Health,http://dbpedia.org/resource/Bubonic_plague,http://linked.aub.edu.lb/CODEC/Dataset/Plague,http://server/unset-base/02-2015
https://dbpedia.org/resource/Beqaa_Valley,0,http://linked.aub.edu.lb/CODEC/observation/Bekaa-2015-03-Plague,https://www.moph.gov.lb/userfiles/files/Esu_data/Esu_pastyears/Bekaa2015.htm,Ministry of Public Health,http://dbpedia.org/resource/Bubonic_plague,http://linked.aub.edu.lb/CODEC/Dataset/Plague,http://server/unset-base/03-2015
https://dbpedia.org/resource/Beqaa_Valley,0,http://linked.aub.edu.lb/CODEC/observation/Bekaa-2015-04-Plague,https://www.moph.gov.lb/userfiles/files/Esu_data/Esu_pastyears/Bekaa2015.htm,Ministry of Public Health,http://dbpedia.org/resource/Bubonic_plague,http://linked.aub.edu.lb/CODEC/Dataset/Plague,http://server/unset-base/04-2015
https://dbpedia.org/resource/Beqaa_Valley,0,http://linked.aub.edu.lb/CODEC/observation/Bekaa-2015-05-Plague,https://www.moph.gov.lb/userfiles/files/Esu_data/Esu_pastyears/Bekaa2015.htm,Ministry of Public Health,http://dbpedia.org/resource/Bubonic_plague,http://linked.aub.edu.lb/CODEC/Dataset/Plague,http://server/unset-base/05-2015
https://dbpedia.org/resource/Beqaa_Valley,0,http://linked.aub.edu.lb/CODEC/observation/Bekaa-2015-06-Plague,https://www.moph.gov.lb/userfiles/files/Esu_data/Esu_pastyears/Bekaa2015.htm,Ministry of Public Health,http://dbpedia.org/resource/Bubonic_plague,http://linked.aub.edu.lb/CODEC/Dataset/Plague,http://server/unset-base/06-2015
https://dbpedia.org/resource/Beqaa_Valley,0,http://linked.aub.edu.lb/CODEC/observation/Bekaa-2015-07-Plague,https://www.moph.gov.lb/userfiles/files/Esu_data/Esu_pastyears/Bekaa2015.htm,Ministry of Public Health,http://dbpedia.org/resource/Bubonic_plague,http://linked.aub.edu.lb/CODEC/Dataset/Plague,http://server/unset-base/07-2015
https://dbpedia.org/resource/Beqaa_Valley,0,http://linked.aub.edu.lb/CODEC/observation/Bekaa-2015-08-Plague,https://www.moph.gov.lb/userfiles/files/Esu_data/Esu_pastyears/Bekaa2015.htm,Ministry of Public Health,http://dbpedia.org/resource/Bubonic_plague,http://linked.aub.edu.lb/CODEC/Dataset/Plague,http://server/unset-base/08-2015
https://dbpedia.org/resource/Beqaa_Valley,0,http://linked.aub.edu.lb/CODEC/observation/Bekaa-2015-09-Plague,https://www.moph.gov.lb/userfiles/files/Esu_data/Esu_pastyears/Bekaa2015.htm,Ministry of Public Health,http://dbpedia.org/resource/Bubonic_plague,http://linked.aub.edu.lb/CODEC/Dataset/Plague,http://server/unset-base/09-2015
https://dbpedia.org/resource/Beqaa_Valley,0,http://linked.aub.edu.lb/CODEC/observation/Bekaa-2015-10-Plague,https://www.moph.gov.lb/userfiles/files/Esu_data/Esu_pastyears/Bekaa2015.htm,Ministry of Public Health,http://dbpedia.org/resource/Bubonic_plague,http://linked.aub.edu.lb/CODEC/Dataset/Plague,http://server/unset-base/10-2015
https://dbpedia.org/resource/Beqaa_Valley,0,http://linked.aub.edu.lb/CODEC/observation/Bekaa-2015-11-Plague,https://www.moph.gov.lb/userfiles/files/Esu_data/Esu_pastyears/Bekaa2015.htm,Ministry of Public Health,http://dbpedia.org/resource/Bubonic_plague,http://linked.aub.edu.lb/CODEC/Dataset/Plague,http://server/unset-base/11-2015
https://dbpedia.org/resource/Beqaa_Valley,0,http://linked.aub.edu.lb/CODEC/observation/Bekaa-2015-12-Plague,https://www.moph.gov.lb/userfiles/files/Esu_data/Esu_pastyears/Bekaa2015.htm,Ministry of Public Health,http://dbpedia.org/resource/Bubonic_plague,http://linked.aub.edu.lb/CODEC/Dataset/Plague,http://server/unset-base/12-2015
https://dbpedia.org/resource/South_Governorate,0,http://linked.aub.edu.lb/CODEC/observation/South-2015-01-Plague,https://www.moph.gov.lb/userfiles/files/Esu_data/Esu_pastyears/South2015.htm,Ministry of Public Health,http://dbpedia.org/resource/Bubonic_plague,http://linked.aub.edu.lb/CODEC/Dataset/Plague,http://server/unset-base/01-2015
https://dbpedia.org/resource/South_Governorate,0,http://linked.aub.edu.lb/CODEC/observation/South-2015-02-Plague,https://www.moph.gov.lb/userfiles/files/Esu_data/Esu_pastyears/South2015.htm,Ministry of Public Health,http://dbpedia.org/resource/Bubonic_plague,http://linked.aub.edu.lb/CODEC/Dataset/Plague,http://server/unset-base/02-2015
https://dbpedia.org/resource/South_Governorate,0,http://linked.aub.edu.lb/CODEC/observation/South-2015-03-Plague,https://www.moph.gov.lb/userfiles/files/Esu_data/Esu_pastyears/South2015.htm,Ministry of Public Health,http://dbpedia.org/resource/Bubonic_plague,http://linked.aub.edu.lb/CODEC/Dataset/Plague,http://server/unset-base/03-2015
https://dbpedia.org/resource/South_Governorate,0,http://linked.aub.edu.lb/CODEC/observation/South-2015-04-Plague,https://www.moph.gov.lb/userfiles/files/Esu_data/Esu_pastyears/South2015.htm,Ministry of Public Health,http://dbpedia.org/resource/Bubonic_plague,http://linked.aub.edu.lb/CODEC/Dataset/Plague,http://server/unset-base/04-2015
https://dbpedia.org/resource/South_Governorate,0,http://linked.aub.edu.lb/CODEC/observation/South-2015-05-Plague,https://www.moph.gov.lb/userfiles/files/Esu_data/Esu_pastyears/South2015.htm,Ministry of Public Health,http://dbpedia.org/resource/Bubonic_plague,http://linked.aub.edu.lb/CODEC/Dataset/Plague,http://server/unset-base/05-2015
https://dbpedia.org/resource/South_Governorate,0,http://linked.aub.edu.lb/CODEC/observation/South-2015-06-Plague,https://www.moph.gov.lb/userfiles/files/Esu_data/Esu_pastyears/South2015.htm,Ministry of Public Health,http://dbpedia.org/resource/Bubonic_plague,http://linked.aub.edu.lb/CODEC/Dataset/Plague,http://server/unset-base/06-2015
https://dbpedia.org/resource/South_Governorate,0,http://linked.aub.edu.lb/CODEC/observation/South-2015-07-Plague,https://www.moph.gov.lb/userfiles/files/Esu_data/Esu_pastyears/South2015.htm,Ministry of Public Health,http://dbpedia.org/resource/Bubonic_plague,http://linked.aub.edu.lb/CODEC/Dataset/Plague,http://server/unset-base/07-2015
https://dbpedia.org/resource/South_Governorate,0,http://linked.aub.edu.lb/CODEC/observation/South-2015-08-Plague,https://www.moph.gov.lb/userfiles/files/Esu_data/Esu_pastyears/South2015.htm,Ministry of Public Health,http://dbpedia.org/resource/Bubonic_plague,http://linked.aub.edu.lb/CODEC/Dataset/Plague,http://server/unset-base/08-2015
https://dbpedia.org/resource/South_Governorate,0,http://linked.aub.edu.lb/CODEC/observation/South-2015-09-Plague,https://www.moph.gov.lb/userfiles/files/Esu_data/Esu_pastyears/South2015.htm,Ministry of Public Health,http://dbpedia.org/resource/Bubonic_plague,http://linked.aub.edu.lb/CODEC/Dataset/Plague,http://server/unset-base/09-2015
https://dbpedia.org/resource/South_Governorate,0,http://linked.aub.edu.lb/CODEC/observation/South-2015-10-Plague,https://www.moph.gov.lb/userfiles/files/Esu_data/Esu_pastyears/South2015.htm,Ministry of Public Health,http://dbpedia.org/resource/Bubonic_plague,http://linked.aub.edu.lb/CODEC/Dataset/Plague,http://server/unset-base/10-2015
https://dbpedia.org/resource/South_Governorate,0,http://linked.aub.edu.lb/CODEC/observation/South-2015-11-Plague,https://www.moph.gov.lb/userfiles/files/Esu_data/Esu_pastyears/South2015.htm,Ministry of Public Health,http://dbpedia.org/resource/Bubonic_plague,http://linked.aub.edu.lb/CODEC/Dataset/Plague,http://server/unset-base/11-2015
https://dbpedia.org/resource/South_Governorate,0,http://linked.aub.edu.lb/CODEC/observation/South-2015-12-Plague,https://www.moph.gov.lb/userfiles/files/Esu_data/Esu_pastyears/South2015.htm,Ministry of Public Health,http://dbpedia.org/resource/Bubonic_plague,http://linked.aub.edu.lb/CODEC/Dataset/Plague,http://server/unset-base/12-2015
https://dbpedia.org/resource/Beirut,0,http://linked.aub.edu.lb/CODEC/observation/Beirut-2015-01-Plague,https://www.moph.gov.lb/userfiles/files/Esu_data/Esu_pastyears/Beirut2015.htm,Ministry of Public Health,http://dbpedia.org/resource/Bubonic_plague,http://linked.aub.edu.lb/CODEC/Dataset/Plague,http://server/unset-base/01-2015
https://dbpedia.org/resource/Beirut,0,http://linked.aub.edu.lb/CODEC/observation/Beirut-2015-02-Plague,https://www.moph.gov.lb/userfiles/files/Esu_data/Esu_pastyears/Beirut2015.htm,Ministry of Public Health,http://dbpedia.org/resource/Bubonic_plague,http://linked.aub.edu.lb/CODEC/Dataset/Plague,http://server/unset-base/02-2015
https://dbpedia.org/resource/Beirut,0,http://linked.aub.edu.lb/CODEC/observation/Beirut-2015-03-Plague,https://www.moph.gov.lb/userfiles/files/Esu_data/Esu_pastyears/Beirut2015.htm,Ministry of Public Health,http://dbpedia.org/resource/Bubonic_plague,http://linked.aub.edu.lb/CODEC/Dataset/Plague,http://server/unset-base/03-2015
https://dbpedia.org/resource/Beirut,0,http://linked.aub.edu.lb/CODEC/observation/Beirut-2015-04-Plague,https://www.moph.gov.lb/userfiles/files/Esu_data/Esu_pastyears/Beirut2015.htm,Ministry of Public Health,http://dbpedia.org/resource/Bubonic_plague,http://linked.aub.edu.lb/CODEC/Dataset/Plague,http://server/unset-base/04-2015
https://dbpedia.org/resource/Beirut,0,http://linked.aub.edu.lb/CODEC/observation/Beirut-2015-05-Plague,https://www.moph.gov.lb/userfiles/files/Esu_data/Esu_pastyears/Beirut2015.htm,Ministry of Public Health,http://dbpedia.org/resource/Bubonic_plague,http://linked.aub.edu.lb/CODEC/Dataset/Plague,http://server/unset-base/05-2015
https://dbpedia.org/resource/Beirut,0,http://linked.aub.edu.lb/CODEC/observation/Beirut-2015-06-Plague,https://www.moph.gov.lb/userfiles/files/Esu_data/Esu_pastyears/Beirut2015.htm,Ministry of Public Health,http://dbpedia.org/resource/Bubonic_plague,http://linked.aub.edu.lb/CODEC/Dataset/Plague,http://server/unset-base/06-2015
https://dbpedia.org/resource/Beirut,0,http://linked.aub.edu.lb/CODEC/observation/Beirut-2015-07-Plague,https://www.moph.gov.lb/userfiles/files/Esu_data/Esu_pastyears/Beirut2015.htm,Ministry of Public Health,http://dbpedia.org/resource/Bubonic_plague,http://linked.aub.edu.lb/CODEC/Dataset/Plague,http://server/unset-base/07-2015
https://dbpedia.org/resource/Beirut,0,http://linked.aub.edu.lb/CODEC/observation/Beirut-2015-08-Plague,https://www.moph.gov.lb/userfiles/files/Esu_data/Esu_pastyears/Beirut2015.htm,Ministry of Public Health,http://dbpedia.org/resource/Bubonic_plague,http://linked.aub.edu.lb/CODEC/Dataset/Plague,http://server/unset-base/08-2015
https://dbpedia.org/resource/Beirut,0,http://linked.aub.edu.lb/CODEC/observation/Beirut-2015-09-Plague,https://www.moph.gov.lb/userfiles/files/Esu_data/Esu_pastyears/Beirut2015.htm,Ministry of Public Health,http://dbpedia.org/resource/Bubonic_plague,http://linked.aub.edu.lb/CODEC/Dataset/Plague,http://server/unset-base/09-2015
https://dbpedia.org/resource/Beirut,0,http://linked.aub.edu.lb/CODEC/observation/Beirut-2015-10-Plague,https://www.moph.gov.lb/userfiles/files/Esu_data/Esu_pastyears/Beirut2015.htm,Ministry of Public Health,http://dbpedia.org/resource/Bubonic_plague,http://linked.aub.edu.lb/CODEC/Dataset/Plague,http://server/unset-base/10-2015
https://dbpedia.org/resource/Beirut,0,http://linked.aub.edu.lb/CODEC/observation/Beirut-2015-11-Plague,https://www.moph.gov.lb/userfiles/files/Esu_data/Esu_pastyears/Beirut2015.htm,Ministry of Public Health,http://dbpedia.org/resource/Bubonic_plague,http://linked.aub.edu.lb/CODEC/Dataset/Plague,http://server/unset-base/11-2015
https://dbpedia.org/resource/Beirut,0,http://linked.aub.edu.lb/CODEC/observation/Beirut-2015-12-Plague,https://www.moph.gov.lb/userfiles/files/Esu_data/Esu_pastyears/Beirut2015.htm,Ministry of Public Health,http://dbpedia.org/resource/Bubonic_plague,http://linked.aub.edu.lb/CODEC/Dataset/Plague,http://server/unset-base/12-2015
https://dbpedia.org/resource/North_Lebanon,0,http://linked.aub.edu.lb/CODEC/observation/North-2015-01-Plague,https://www.moph.gov.lb/userfiles/files/Esu_data/Esu_pastyears/North2015.htm,Ministry of Public Health,http://dbpedia.org/resource/Bubonic_plague,http://linked.aub.edu.lb/CODEC/Dataset/Plague,http://server/unset-base/01-2015
https://dbpedia.org/resource/North_Lebanon,0,http://linked.aub.edu.lb/CODEC/observation/North-2015-02-Plague,https://www.moph.gov.lb/userfiles/files/Esu_data/Esu_pastyears/North2015.htm,Ministry of Public Health,http://dbpedia.org/resource/Bubonic_plague,http://linked.aub.edu.lb/CODEC/Dataset/Plague,http://server/unset-base/02-2015
https://dbpedia.org/resource/North_Lebanon,0,http://linked.aub.edu.lb/CODEC/observation/North-2015-03-Plague,https://www.moph.gov.lb/userfiles/files/Esu_data/Esu_pastyears/North2015.htm,Ministry of Public Health,http://dbpedia.org/resource/Bubonic_plague,http://linked.aub.edu.lb/CODEC/Dataset/Plague,http://server/unset-base/03-2015
https://dbpedia.org/resource/North_Lebanon,0,http://linked.aub.edu.lb/CODEC/observation/North-2015-04-Plague,https://www.moph.gov.lb/userfiles/files/Esu_data/Esu_pastyears/North2015.htm,Ministry of Public Health,http://dbpedia.org/resource/Bubonic_plague,http://linked.aub.edu.lb/CODEC/Dataset/Plague,http://server/unset-base/04-2015
https://dbpedia.org/resource/North_Lebanon,0,http://linked.aub.edu.lb/CODEC/observation/North-2015-05-Plague,https://www.moph.gov.lb/userfiles/files/Esu_data/Esu_pastyears/North2015.htm,Ministry of Public Health,http://dbpedia.org/resource/Bubonic_plague,http://linked.aub.edu.lb/CODEC/Dataset/Plague,http://server/unset-base/05-2015
https://dbpedia.org/resource/North_Lebanon,0,http://linked.aub.edu.lb/CODEC/observation/North-2015-06-Plague,https://www.moph.gov.lb/userfiles/files/Esu_data/Esu_pastyears/North2015.htm,Ministry of Public Health,http://dbpedia.org/resource/Bubonic_plague,http://linked.aub.edu.lb/CODEC/Dataset/Plague,http://server/unset-base/06-2015
https://dbpedia.org/resource/North_Lebanon,0,http://linked.aub.edu.lb/CODEC/observation/North-2015-07-Plague,https://www.moph.gov.lb/userfiles/files/Esu_data/Esu_pastyears/North2015.htm,Ministry of Public Health,http://dbpedia.org/resource/Bubonic_plague,http://linked.aub.edu.lb/CODEC/Dataset/Plague,http://server/unset-base/07-2015
https://dbpedia.org/resource/North_Lebanon,0,http://linked.aub.edu.lb/CODEC/observation/North-2015-08-Plague,https://www.moph.gov.lb/userfiles/files/Esu_data/Esu_pastyears/North2015.htm,Ministry of Public Health,http://dbpedia.org/resource/Bubonic_plague,http://linked.aub.edu.lb/CODEC/Dataset/Plague,http://server/unset-base/08-2015
https://dbpedia.org/resource/North_Lebanon,0,http://linked.aub.edu.lb/CODEC/observation/North-2015-09-Plague,https://www.moph.gov.lb/userfiles/files/Esu_data/Esu_pastyears/North2015.htm,Ministry of Public Health,http://dbpedia.org/resource/Bubonic_plague,http://linked.aub.edu.lb/CODEC/Dataset/Plague,http://server/unset-base/09-2015
https://dbpedia.org/resource/North_Lebanon,0,http://linked.aub.edu.lb/CODEC/observation/North-2015-10-Plague,https://www.moph.gov.lb/userfiles/files/Esu_data/Esu_pastyears/North2015.htm,Ministry of Public Health,http://dbpedia.org/resource/Bubonic_plague,http://linked.aub.edu.lb/CODEC/Dataset/Plague,http://server/unset-base/10-2015
https://dbpedia.org/resource/North_Lebanon,0,http://linked.aub.edu.lb/CODEC/observation/North-2015-11-Plague,https://www.moph.gov.lb/userfiles/files/Esu_data/Esu_pastyears/North2015.htm,Ministry of Public Health,http://dbpedia.org/resource/Bubonic_plague,http://linked.aub.edu.lb/CODEC/Dataset/Plague,http://server/unset-base/11-2015
https://dbpedia.org/resource/North_Lebanon,0,http://linked.aub.edu.lb/CODEC/observation/North-2015-12-Plague,https://www.moph.gov.lb/userfiles/files/Esu_data/Esu_pastyears/North2015.htm,Ministry of Public Health,http://dbpedia.org/resource/Bubonic_plague,http://linked.aub.edu.lb/CODEC/Dataset/Plague,http://server/unset-base/12-2015
https://dbpedia.org/resource/Nabatieh_Governorate,0,http://linked.aub.edu.lb/CODEC/observation/Nabatieh-2015-01-Plague,https://www.moph.gov.lb/userfiles/files/Esu_data/Esu_pastyears/Nabatieh2015.htm,Ministry of Public Health,http://dbpedia.org/resource/Bubonic_plague,http://linked.aub.edu.lb/CODEC/Dataset/Plague,http://server/unset-base/01-2015
https://dbpedia.org/resource/Nabatieh_Governorate,0,http://linked.aub.edu.lb/CODEC/observation/Nabatieh-2015-02-Plague,https://www.moph.gov.lb/userfiles/files/Esu_data/Esu_pastyears/Nabatieh2015.htm,Ministry of Public Health,http://dbpedia.org/resource/Bubonic_plague,http://linked.aub.edu.lb/CODEC/Dataset/Plague,http://server/unset-base/02-2015
https://dbpedia.org/resource/Nabatieh_Governorate,0,http://linked.aub.edu.lb/CODEC/observation/Nabatieh-2015-03-Plague,https://www.moph.gov.lb/userfiles/files/Esu_data/Esu_pastyears/Nabatieh2015.htm,Ministry of Public Health,http://dbpedia.org/resource/Bubonic_plague,http://linked.aub.edu.lb/CODEC/Dataset/Plague,http://server/unset-base/03-2015
https://dbpedia.org/resource/Nabatieh_Governorate,0,http://linked.aub.edu.lb/CODEC/observation/Nabatieh-2015-04-Plague,https://www.moph.gov.lb/userfiles/files/Esu_data/Esu_pastyears/Nabatieh2015.htm,Ministry of Public Health,http://dbpedia.org/resource/Bubonic_plague,http://linked.aub.edu.lb/CODEC/Dataset/Plague,http://server/unset-base/04-2015
https://dbpedia.org/resource/Nabatieh_Governorate,0,http://linked.aub.edu.lb/CODEC/observation/Nabatieh-2015-05-Plague,https://www.moph.gov.lb/userfiles/files/Esu_data/Esu_pastyears/Nabatieh2015.htm,Ministry of Public Health,http://dbpedia.org/resource/Bubonic_plague,http://linked.aub.edu.lb/CODEC/Dataset/Plague,http://server/unset-base/05-2015
https://dbpedia.org/resource/Nabatieh_Governorate,0,http://linked.aub.edu.lb/CODEC/observation/Nabatieh-2015-06-Plague,https://www.moph.gov.lb/userfiles/files/Esu_data/Esu_pastyears/Nabatieh2015.htm,Ministry of Public Health,http://dbpedia.org/resource/Bubonic_plague,http://linked.aub.edu.lb/CODEC/Dataset/Plague,http://server/unset-base/06-2015
https://dbpedia.org/resource/Nabatieh_Governorate,0,http://linked.aub.edu.lb/CODEC/observation/Nabatieh-2015-07-Plague,https://www.moph.gov.lb/userfiles/files/Esu_data/Esu_pastyears/Nabatieh2015.htm,Ministry of Public Health,http://dbpedia.org/resource/Bubonic_plague,http://linked.aub.edu.lb/CODEC/Dataset/Plague,http://server/unset-base/07-2015
https://dbpedia.org/resource/Nabatieh_Governorate,0,http://linked.aub.edu.lb/CODEC/observation/Nabatieh-2015-08-Plague,https://www.moph.gov.lb/userfiles/files/Esu_data/Esu_pastyears/Nabatieh2015.htm,Ministry of Public Health,http://dbpedia.org/resource/Bubonic_plague,http://linked.aub.edu.lb/CODEC/Dataset/Plague,http://server/unset-base/08-2015
https://dbpedia.org/resource/Nabatieh_Governorate,0,http://linked.aub.edu.lb/CODEC/observation/Nabatieh-2015-09-Plague,https://www.moph.gov.lb/userfiles/files/Esu_data/Esu_pastyears/Nabatieh2015.htm,Ministry of Public Health,http://dbpedia.org/resource/Bubonic_plague,http://linked.aub.edu.lb/CODEC/Dataset/Plague,http://server/unset-base/09-2015
https://dbpedia.org/resource/Nabatieh_Governorate,0,http://linked.aub.edu.lb/CODEC/observation/Nabatieh-2015-10-Plague,https://www.moph.gov.lb/userfiles/files/Esu_data/Esu_pastyears/Nabatieh2015.htm,Ministry of Public Health,http://dbpedia.org/resource/Bubonic_plague,http://linked.aub.edu.lb/CODEC/Dataset/Plague,http://server/unset-base/10-2015
https://dbpedia.org/resource/Nabatieh_Governorate,0,http://linked.aub.edu.lb/CODEC/observation/Nabatieh-2015-11-Plague,https://www.moph.gov.lb/userfiles/files/Esu_data/Esu_pastyears/Nabatieh2015.htm,Ministry of Public Health,http://dbpedia.org/resource/Bubonic_plague,http://linked.aub.edu.lb/CODEC/Dataset/Plague,http://server/unset-base/11-2015
https://dbpedia.org/resource/Nabatieh_Governorate,0,http://linked.aub.edu.lb/CODEC/observation/Nabatieh-2015-12-Plague,https://www.moph.gov.lb/userfiles/files/Esu_data/Esu_pastyears/Nabatieh2015.htm,Ministry of Public Health,http://dbpedia.org/resource/Bubonic_plague,http://linked.aub.edu.lb/CODEC/Dataset/Plague,http://server/unset-base/12-2015
https://dbpedia.org/resource/Mount_Lebanon,0,http://linked.aub.edu.lb/CODEC/observation/Mount_Lebanon-2015-01-Plague,https://www.moph.gov.lb/userfiles/files/Esu_data/Esu_pastyears/Mount2015.htm,Ministry of Public Health,http://dbpedia.org/resource/Bubonic_plague,http://linked.aub.edu.lb/CODEC/Dataset/Plague,http://server/unset-base/01-2015
https://dbpedia.org/resource/Mount_Lebanon,0,http://linked.aub.edu.lb/CODEC/observation/Mount_Lebanon-2015-02-Plague,https://www.moph.gov.lb/userfiles/files/Esu_data/Esu_pastyears/Mount2015.htm,Ministry of Public Health,http://dbpedia.org/resource/Bubonic_plague,http://linked.aub.edu.lb/CODEC/Dataset/Plague,http://server/unset-base/02-2015
https://dbpedia.org/resource/Mount_Lebanon,0,http://linked.aub.edu.lb/CODEC/observation/Mount_Lebanon-2015-03-Plague,https://www.moph.gov.lb/userfiles/files/Esu_data/Esu_pastyears/Mount2015.htm,Ministry of Public Health,http://dbpedia.org/resource/Bubonic_plague,http://linked.aub.edu.lb/CODEC/Dataset/Plague,http://server/unset-base/03-2015
https://dbpedia.org/resource/Mount_Lebanon,0,http://linked.aub.edu.lb/CODEC/observation/Mount_Lebanon-2015-04-Plague,https://www.moph.gov.lb/userfiles/files/Esu_data/Esu_pastyears/Mount2015.htm,Ministry of Public Health,http://dbpedia.org/resource/Bubonic_plague,http://linked.aub.edu.lb/CODEC/Dataset/Plague,http://server/unset-base/04-2015
https://dbpedia.org/resource/Mount_Lebanon,0,http://linked.aub.edu.lb/CODEC/observation/Mount_Lebanon-2015-05-Plague,https://www.moph.gov.lb/userfiles/files/Esu_data/Esu_pastyears/Mount2015.htm,Ministry of Public Health,http://dbpedia.org/resource/Bubonic_plague,http://linked.aub.edu.lb/CODEC/Dataset/Plague,http://server/unset-base/05-2015
https://dbpedia.org/resource/Mount_Lebanon,0,http://linked.aub.edu.lb/CODEC/observation/Mount_Lebanon-2015-06-Plague,https://www.moph.gov.lb/userfiles/files/Esu_data/Esu_pastyears/Mount2015.htm,Ministry of Public Health,http://dbpedia.org/resource/Bubonic_plague,http://linked.aub.edu.lb/CODEC/Dataset/Plague,http://server/unset-base/06-2015
https://dbpedia.org/resource/Mount_Lebanon,0,http://linked.aub.edu.lb/CODEC/observation/Mount_Lebanon-2015-07-Plague,https://www.moph.gov.lb/userfiles/files/Esu_data/Esu_pastyears/Mount2015.htm,Ministry of Public Health,http://dbpedia.org/resource/Bubonic_plague,http://linked.aub.edu.lb/CODEC/Dataset/Plague,http://server/unset-base/07-2015
https://dbpedia.org/resource/Mount_Lebanon,0,http://linked.aub.edu.lb/CODEC/observation/Mount_Lebanon-2015-08-Plague,https://www.moph.gov.lb/userfiles/files/Esu_data/Esu_pastyears/Mount2015.htm,Ministry of Public Health,http://dbpedia.org/resource/Bubonic_plague,http://linked.aub.edu.lb/CODEC/Dataset/Plague,http://server/unset-base/08-2015
https://dbpedia.org/resource/Mount_Lebanon,0,http://linked.aub.edu.lb/CODEC/observation/Mount_Lebanon-2015-09-Plague,https://www.moph.gov.lb/userfiles/files/Esu_data/Esu_pastyears/Mount2015.htm,Ministry of Public Health,http://dbpedia.org/resource/Bubonic_plague,http://linked.aub.edu.lb/CODEC/Dataset/Plague,http://server/unset-base/09-2015
https://dbpedia.org/resource/Mount_Lebanon,0,http://linked.aub.edu.lb/CODEC/observation/Mount_Lebanon-2015-10-Plague,https://www.moph.gov.lb/userfiles/files/Esu_data/Esu_pastyears/Mount2015.htm,Ministry of Public Health,http://dbpedia.org/resource/Bubonic_plague,http://linked.aub.edu.lb/CODEC/Dataset/Plague,http://server/unset-base/10-2015
https://dbpedia.org/resource/Mount_Lebanon,0,http://linked.aub.edu.lb/CODEC/observation/Mount_Lebanon-2015-11-Plague,https://www.moph.gov.lb/userfiles/files/Esu_data/Esu_pastyears/Mount2015.htm,Ministry of Public Health,http://dbpedia.org/resource/Bubonic_plague,http://linked.aub.edu.lb/CODEC/Dataset/Plague,http://server/unset-base/11-2015
https://dbpedia.org/resource/Mount_Lebanon,0,http://linked.aub.edu.lb/CODEC/observation/Mount_Lebanon-2015-12-Plague,https://www.moph.gov.lb/userfiles/files/Esu_data/Esu_pastyears/Mount2015.htm,Ministry of Public Health,http://dbpedia.org/resource/Bubonic_plague,http://linked.aub.edu.lb/CODEC/Dataset/Plague,http://server/unset-base/12-2015
https://dbpedia.org/resource/Nabatieh_Governorate,0,http://linked.aub.edu.lb/CODEC/observation/Nabatieh-2016-01-Plague,https://www.moph.gov.lb/userfiles/files/Esu_data/Esu_pastyears/Nabatieh2016.htm,Ministry of Public Health,http://dbpedia.org/resource/Bubonic_plague,http://linked.aub.edu.lb/CODEC/Dataset/Plague,http://server/unset-base/01-2016
https://dbpedia.org/resource/Nabatieh_Governorate,0,http://linked.aub.edu.lb/CODEC/observation/Nabatieh-2016-02-Plague,https://www.moph.gov.lb/userfiles/files/Esu_data/Esu_pastyears/Nabatieh2016.htm,Ministry of Public Health,http://dbpedia.org/resource/Bubonic_plague,http://linked.aub.edu.lb/CODEC/Dataset/Plague,http://server/unset-base/02-2016
https://dbpedia.org/resource/Nabatieh_Governorate,0,http://linked.aub.edu.lb/CODEC/observation/Nabatieh-2016-03-Plague,https://www.moph.gov.lb/userfiles/files/Esu_data/Esu_pastyears/Nabatieh2016.htm,Ministry of Public Health,http://dbpedia.org/resource/Bubonic_plague,http://linked.aub.edu.lb/CODEC/Dataset/Plague,http://server/unset-base/03-2016
https://dbpedia.org/resource/Nabatieh_Governorate,0,http://linked.aub.edu.lb/CODEC/observation/Nabatieh-2016-04-Plague,https://www.moph.gov.lb/userfiles/files/Esu_data/Esu_pastyears/Nabatieh2016.htm,Ministry of Public Health,http://dbpedia.org/resource/Bubonic_plague,http://linked.aub.edu.lb/CODEC/Dataset/Plague,http://server/unset-base/04-2016
https://dbpedia.org/resource/Nabatieh_Governorate,0,http://linked.aub.edu.lb/CODEC/observation/Nabatieh-2016-05-Plague,https://www.moph.gov.lb/userfiles/files/Esu_data/Esu_pastyears/Nabatieh2016.htm,Ministry of Public Health,http://dbpedia.org/resource/Bubonic_plague,http://linked.aub.edu.lb/CODEC/Dataset/Plague,http://server/unset-base/05-2016
https://dbpedia.org/resource/Nabatieh_Governorate,0,http://linked.aub.edu.lb/CODEC/observation/Nabatieh-2016-06-Plague,https://www.moph.gov.lb/userfiles/files/Esu_data/Esu_pastyears/Nabatieh2016.htm,Ministry of Public Health,http://dbpedia.org/resource/Bubonic_plague,http://linked.aub.edu.lb/CODEC/Dataset/Plague,http://server/unset-base/06-2016
https://dbpedia.org/resource/Nabatieh_Governorate,0,http://linked.aub.edu.lb/CODEC/observation/Nabatieh-2016-07-Plague,https://www.moph.gov.lb/userfiles/files/Esu_data/Esu_pastyears/Nabatieh2016.htm,Ministry of Public Health,http://dbpedia.org/resource/Bubonic_plague,http://linked.aub.edu.lb/CODEC/Dataset/Plague,http://server/unset-base/07-2016
https://dbpedia.org/resource/Nabatieh_Governorate,0,http://linked.aub.edu.lb/CODEC/observation/Nabatieh-2016-08-Plague,https://www.moph.gov.lb/userfiles/files/Esu_data/Esu_pastyears/Nabatieh2016.htm,Ministry of Public Health,http://dbpedia.org/resource/Bubonic_plague,http://linked.aub.edu.lb/CODEC/Dataset/Plague,http://server/unset-base/08-2016
https://dbpedia.org/resource/Nabatieh_Governorate,0,http://linked.aub.edu.lb/CODEC/observation/Nabatieh-2016-09-Plague,https://www.moph.gov.lb/userfiles/files/Esu_data/Esu_pastyears/Nabatieh2016.htm,Ministry of Public Health,http://dbpedia.org/resource/Bubonic_plague,http://linked.aub.edu.lb/CODEC/Dataset/Plague,http://server/unset-base/09-2016
https://dbpedia.org/resource/Nabatieh_Governorate,0,http://linked.aub.edu.lb/CODEC/observation/Nabatieh-2016-10-Plague,https://www.moph.gov.lb/userfiles/files/Esu_data/Esu_pastyears/Nabatieh2016.htm,Ministry of Public Health,http://dbpedia.org/resource/Bubonic_plague,http://linked.aub.edu.lb/CODEC/Dataset/Plague,http://server/unset-base/10-2016
https://dbpedia.org/resource/Nabatieh_Governorate,0,http://linked.aub.edu.lb/CODEC/observation/Nabatieh-2016-11-Plague,https://www.moph.gov.lb/userfiles/files/Esu_data/Esu_pastyears/Nabatieh2016.htm,Ministry of Public Health,http://dbpedia.org/resource/Bubonic_plague,http://linked.aub.edu.lb/CODEC/Dataset/Plague,http://server/unset-base/11-2016
https://dbpedia.org/resource/Nabatieh_Governorate,0,http://linked.aub.edu.lb/CODEC/observation/Nabatieh-2016-12-Plague,https://www.moph.gov.lb/userfiles/files/Esu_data/Esu_pastyears/Nabatieh2016.htm,Ministry of Public Health,http://dbpedia.org/resource/Bubonic_plague,http://linked.aub.edu.lb/CODEC/Dataset/Plague,http://server/unset-base/12-2016
https://dbpedia.org/resource/Mount_Lebanon,0,http://linked.aub.edu.lb/CODEC/observation/Mount_Lebanon-2016-01-Plague,https://www.moph.gov.lb/userfiles/files/Esu_data/Esu_pastyears/Mount2016.htm,Ministry of Public Health,http://dbpedia.org/resource/Bubonic_plague,http://linked.aub.edu.lb/CODEC/Dataset/Plague,http://server/unset-base/01-2016
https://dbpedia.org/resource/Mount_Lebanon,0,http://linked.aub.edu.lb/CODEC/observation/Mount_Lebanon-2016-02-Plague,https://www.moph.gov.lb/userfiles/files/Esu_data/Esu_pastyears/Mount2016.htm,Ministry of Public Health,http://dbpedia.org/resource/Bubonic_plague,http://linked.aub.edu.lb/CODEC/Dataset/Plague,http://server/unset-base/02-2016
https://dbpedia.org/resource/Mount_Lebanon,0,http://linked.aub.edu.lb/CODEC/observation/Mount_Lebanon-2016-03-Plague,https://www.moph.gov.lb/userfiles/files/Esu_data/Esu_pastyears/Mount2016.htm,Ministry of Public Health,http://dbpedia.org/resource/Bubonic_plague,http://linked.aub.edu.lb/CODEC/Dataset/Plague,http://server/unset-base/03-2016
https://dbpedia.org/resource/Mount_Lebanon,0,http://linked.aub.edu.lb/CODEC/observation/Mount_Lebanon-2016-04-Plague,https://www.moph.gov.lb/userfiles/files/Esu_data/Esu_pastyears/Mount2016.htm,Ministry of Public Health,http://dbpedia.org/resource/Bubonic_plague,http://linked.aub.edu.lb/CODEC/Dataset/Plague,http://server/unset-base/04-2016
https://dbpedia.org/resource/Mount_Lebanon,0,http://linked.aub.edu.lb/CODEC/observation/Mount_Lebanon-2016-05-Plague,https://www.moph.gov.lb/userfiles/files/Esu_data/Esu_pastyears/Mount2016.htm,Ministry of Public Health,http://dbpedia.org/resource/Bubonic_plague,http://linked.aub.edu.lb/CODEC/Dataset/Plague,http://server/unset-base/05-2016
https://dbpedia.org/resource/Mount_Lebanon,0,http://linked.aub.edu.lb/CODEC/observation/Mount_Lebanon-2016-06-Plague,https://www.moph.gov.lb/userfiles/files/Esu_data/Esu_pastyears/Mount2016.htm,Ministry of Public Health,http://dbpedia.org/resource/Bubonic_plague,http://linked.aub.edu.lb/CODEC/Dataset/Plague,http://server/unset-base/06-2016
https://dbpedia.org/resource/Mount_Lebanon,0,http://linked.aub.edu.lb/CODEC/observation/Mount_Lebanon-2016-07-Plague,https://www.moph.gov.lb/userfiles/files/Esu_data/Esu_pastyears/Mount2016.htm,Ministry of Public Health,http://dbpedia.org/resource/Bubonic_plague,http://linked.aub.edu.lb/CODEC/Dataset/Plague,http://server/unset-base/07-2016
https://dbpedia.org/resource/Mount_Lebanon,0,http://linked.aub.edu.lb/CODEC/observation/Mount_Lebanon-2016-08-Plague,https://www.moph.gov.lb/userfiles/files/Esu_data/Esu_pastyears/Mount2016.htm,Ministry of Public Health,http://dbpedia.org/resource/Bubonic_plague,http://linked.aub.edu.lb/CODEC/Dataset/Plague,http://server/unset-base/08-2016
https://dbpedia.org/resource/Mount_Lebanon,0,http://linked.aub.edu.lb/CODEC/observation/Mount_Lebanon-2016-09-Plague,https://www.moph.gov.lb/userfiles/files/Esu_data/Esu_pastyears/Mount2016.htm,Ministry of Public Health,http://dbpedia.org/resource/Bubonic_plague,http://linked.aub.edu.lb/CODEC/Dataset/Plague,http://server/unset-base/09-2016
https://dbpedia.org/resource/Mount_Lebanon,0,http://linked.aub.edu.lb/CODEC/observation/Mount_Lebanon-2016-10-Plague,https://www.moph.gov.lb/userfiles/files/Esu_data/Esu_pastyears/Mount2016.htm,Ministry of Public Health,http://dbpedia.org/resource/Bubonic_plague,http://linked.aub.edu.lb/CODEC/Dataset/Plague,http://server/unset-base/10-2016
https://dbpedia.org/resource/Mount_Lebanon,0,http://linked.aub.edu.lb/CODEC/observation/Mount_Lebanon-2016-11-Plague,https://www.moph.gov.lb/userfiles/files/Esu_data/Esu_pastyears/Mount2016.htm,Ministry of Public Health,http://dbpedia.org/resource/Bubonic_plague,http://linked.aub.edu.lb/CODEC/Dataset/Plague,http://server/unset-base/11-2016
https://dbpedia.org/resource/Mount_Lebanon,0,http://linked.aub.edu.lb/CODEC/observation/Mount_Lebanon-2016-12-Plague,https://www.moph.gov.lb/userfiles/files/Esu_data/Esu_pastyears/Mount2016.htm,Ministry of Public Health,http://dbpedia.org/resource/Bubonic_plague,http://linked.aub.edu.lb/CODEC/Dataset/Plague,http://server/unset-base/12-2016
https://dbpedia.org/resource/North_Lebanon,0.0,http://linked.aub.edu.lb/CODEC/observation/North-2016-01-Plague,https://www.moph.gov.lb/userfiles/files/Esu_data/Esu_pastyears/North2016.htm,Ministry of Public Health,http://dbpedia.org/resource/Bubonic_plague,http://linked.aub.edu.lb/CODEC/Dataset/Plague,http://server/unset-base/01-2016
https://dbpedia.org/resource/North_Lebanon,0.0,http://linked.aub.edu.lb/CODEC/observation/North-2016-02-Plague,https://www.moph.gov.lb/userfiles/files/Esu_data/Esu_pastyears/North2016.htm,Ministry of Public Health,http://dbpedia.org/resource/Bubonic_plague,http://linked.aub.edu.lb/CODEC/Dataset/Plague,http://server/unset-base/02-2016
https://dbpedia.org/resource/North_Lebanon,0.0,http://linked.aub.edu.lb/CODEC/observation/North-2016-03-Plague,https://www.moph.gov.lb/userfiles/files/Esu_data/Esu_pastyears/North2016.htm,Ministry of Public Health,http://dbpedia.org/resource/Bubonic_plague,http://linked.aub.edu.lb/CODEC/Dataset/Plague,http://server/unset-base/03-2016
https://dbpedia.org/resource/North_Lebanon,0.0,http://linked.aub.edu.lb/CODEC/observation/North-2016-04-Plague,https://www.moph.gov.lb/userfiles/files/Esu_data/Esu_pastyears/North2016.htm,Ministry of Public Health,http://dbpedia.org/resource/Bubonic_plague,http://linked.aub.edu.lb/CODEC/Dataset/Plague,http://server/unset-base/04-2016
https://dbpedia.org/resource/North_Lebanon,0.0,http://linked.aub.edu.lb/CODEC/observation/North-2016-05-Plague,https://www.moph.gov.lb/userfiles/files/Esu_data/Esu_pastyears/North2016.htm,Ministry of Public Health,http://dbpedia.org/resource/Bubonic_plague,http://linked.aub.edu.lb/CODEC/Dataset/Plague,http://server/unset-base/05-2016
https://dbpedia.org/resource/North_Lebanon,0.0,http://linked.aub.edu.lb/CODEC/observation/North-2016-06-Plague,https://www.moph.gov.lb/userfiles/files/Esu_data/Esu_pastyears/North2016.htm,Ministry of Public Health,http://dbpedia.org/resource/Bubonic_plague,http://linked.aub.edu.lb/CODEC/Dataset/Plague,http://server/unset-base/06-2016
https://dbpedia.org/resource/North_Lebanon,0.0,http://linked.aub.edu.lb/CODEC/observation/North-2016-07-Plague,https://www.moph.gov.lb/userfiles/files/Esu_data/Esu_pastyears/North2016.htm,Ministry of Public Health,http://dbpedia.org/resource/Bubonic_plague,http://linked.aub.edu.lb/CODEC/Dataset/Plague,http://server/unset-base/07-2016
https://dbpedia.org/resource/North_Lebanon,0.0,http://linked.aub.edu.lb/CODEC/observation/North-2016-08-Plague,https://www.moph.gov.lb/userfiles/files/Esu_data/Esu_pastyears/North2016.htm,Ministry of Public Health,http://dbpedia.org/resource/Bubonic_plague,http://linked.aub.edu.lb/CODEC/Dataset/Plague,http://server/unset-base/08-2016
https://dbpedia.org/resource/North_Lebanon,0.0,http://linked.aub.edu.lb/CODEC/observation/North-2016-09-Plague,https://www.moph.gov.lb/userfiles/files/Esu_data/Esu_pastyears/North2016.htm,Ministry of Public Health,http://dbpedia.org/resource/Bubonic_plague,http://linked.aub.edu.lb/CODEC/Dataset/Plague,http://server/unset-base/09-2016
https://dbpedia.org/resource/North_Lebanon,0.0,http://linked.aub.edu.lb/CODEC/observation/North-2016-10-Plague,https://www.moph.gov.lb/userfiles/files/Esu_data/Esu_pastyears/North2016.htm,Ministry of Public Health,http://dbpedia.org/resource/Bubonic_plague,http://linked.aub.edu.lb/CODEC/Dataset/Plague,http://server/unset-base/10-2016
https://dbpedia.org/resource/North_Lebanon,0.0,http://linked.aub.edu.lb/CODEC/observation/North-2016-11-Plague,https://www.moph.gov.lb/userfiles/files/Esu_data/Esu_pastyears/North2016.htm,Ministry of Public Health,http://dbpedia.org/resource/Bubonic_plague,http://linked.aub.edu.lb/CODEC/Dataset/Plague,http://server/unset-base/11-2016
https://dbpedia.org/resource/North_Lebanon,0.0,http://linked.aub.edu.lb/CODEC/observation/North-2016-12-Plague,https://www.moph.gov.lb/userfiles/files/Esu_data/Esu_pastyears/North2016.htm,Ministry of Public Health,http://dbpedia.org/resource/Bubonic_plague,http://linked.aub.edu.lb/CODEC/Dataset/Plague,http://server/unset-base/12-2016
https://dbpedia.org/resource/Beirut,0,http://linked.aub.edu.lb/CODEC/observation/Beirut-2016-01-Plague,https://www.moph.gov.lb/userfiles/files/Esu_data/Esu_pastyears/Beirut2016.htm,Ministry of Public Health,http://dbpedia.org/resource/Bubonic_plague,http://linked.aub.edu.lb/CODEC/Dataset/Plague,http://server/unset-base/01-2016
https://dbpedia.org/resource/Beirut,0,http://linked.aub.edu.lb/CODEC/observation/Beirut-2016-02-Plague,https://www.moph.gov.lb/userfiles/files/Esu_data/Esu_pastyears/Beirut2016.htm,Ministry of Public Health,http://dbpedia.org/resource/Bubonic_plague,http://linked.aub.edu.lb/CODEC/Dataset/Plague,http://server/unset-base/02-2016
https://dbpedia.org/resource/Beirut,0,http://linked.aub.edu.lb/CODEC/observation/Beirut-2016-03-Plague,https://www.moph.gov.lb/userfiles/files/Esu_data/Esu_pastyears/Beirut2016.htm,Ministry of Public Health,http://dbpedia.org/resource/Bubonic_plague,http://linked.aub.edu.lb/CODEC/Dataset/Plague,http://server/unset-base/03-2016
https://dbpedia.org/resource/Beirut,0,http://linked.aub.edu.lb/CODEC/observation/Beirut-2016-04-Plague,https://www.moph.gov.lb/userfiles/files/Esu_data/Esu_pastyears/Beirut2016.htm,Ministry of Public Health,http://dbpedia.org/resource/Bubonic_plague,http://linked.aub.edu.lb/CODEC/Dataset/Plague,http://server/unset-base/04-2016
https://dbpedia.org/resource/Beirut,0,http://linked.aub.edu.lb/CODEC/observation/Beirut-2016-05-Plague,https://www.moph.gov.lb/userfiles/files/Esu_data/Esu_pastyears/Beirut2016.htm,Ministry of Public Health,http://dbpedia.org/resource/Bubonic_plague,http://linked.aub.edu.lb/CODEC/Dataset/Plague,http://server/unset-base/05-2016
https://dbpedia.org/resource/Beirut,0,http://linked.aub.edu.lb/CODEC/observation/Beirut-2016-06-Plague,https://www.moph.gov.lb/userfiles/files/Esu_data/Esu_pastyears/Beirut2016.htm,Ministry of Public Health,http://dbpedia.org/resource/Bubonic_plague,http://linked.aub.edu.lb/CODEC/Dataset/Plague,http://server/unset-base/06-2016
https://dbpedia.org/resource/Beirut,0,http://linked.aub.edu.lb/CODEC/observation/Beirut-2016-07-Plague,https://www.moph.gov.lb/userfiles/files/Esu_data/Esu_pastyears/Beirut2016.htm,Ministry of Public Health,http://dbpedia.org/resource/Bubonic_plague,http://linked.aub.edu.lb/CODEC/Dataset/Plague,http://server/unset-base/07-2016
https://dbpedia.org/resource/Beirut,0,http://linked.aub.edu.lb/CODEC/observation/Beirut-2016-08-Plague,https://www.moph.gov.lb/userfiles/files/Esu_data/Esu_pastyears/Beirut2016.htm,Ministry of Public Health,http://dbpedia.org/resource/Bubonic_plague,http://linked.aub.edu.lb/CODEC/Dataset/Plague,http://server/unset-base/08-2016
https://dbpedia.org/resource/Beirut,0,http://linked.aub.edu.lb/CODEC/observation/Beirut-2016-09-Plague,https://www.moph.gov.lb/userfiles/files/Esu_data/Esu_pastyears/Beirut2016.htm,Ministry of Public Health,http://dbpedia.org/resource/Bubonic_plague,http://linked.aub.edu.lb/CODEC/Dataset/Plague,http://server/unset-base/09-2016
https://dbpedia.org/resource/Beirut,0,http://linked.aub.edu.lb/CODEC/observation/Beirut-2016-10-Plague,https://www.moph.gov.lb/userfiles/files/Esu_data/Esu_pastyears/Beirut2016.htm,Ministry of Public Health,http://dbpedia.org/resource/Bubonic_plague,http://linked.aub.edu.lb/CODEC/Dataset/Plague,http://server/unset-base/10-2016
https://dbpedia.org/resource/Beirut,0,http://linked.aub.edu.lb/CODEC/observation/Beirut-2016-11-Plague,https://www.moph.gov.lb/userfiles/files/Esu_data/Esu_pastyears/Beirut2016.htm,Ministry of Public Health,http://dbpedia.org/resource/Bubonic_plague,http://linked.aub.edu.lb/CODEC/Dataset/Plague,http://server/unset-base/11-2016
https://dbpedia.org/resource/Beirut,0,http://linked.aub.edu.lb/CODEC/observation/Beirut-2016-12-Plague,https://www.moph.gov.lb/userfiles/files/Esu_data/Esu_pastyears/Beirut2016.htm,Ministry of Public Health,http://dbpedia.org/resource/Bubonic_plague,http://linked.aub.edu.lb/CODEC/Dataset/Plague,http://server/unset-base/12-2016
https://dbpedia.org/resource/Beqaa_Valley,0.0,http://linked.aub.edu.lb/CODEC/observation/Bekaa-2016-01-Plague,https://www.moph.gov.lb/userfiles/files/Esu_data/Esu_pastyears/Bekaa2016.htm,Ministry of Public Health,http://dbpedia.org/resource/Bubonic_plague,http://linked.aub.edu.lb/CODEC/Dataset/Plague,http://server/unset-base/01-2016
https://dbpedia.org/resource/Beqaa_Valley,0.0,http://linked.aub.edu.lb/CODEC/observation/Bekaa-2016-02-Plague,https://www.moph.gov.lb/userfiles/files/Esu_data/Esu_pastyears/Bekaa2016.htm,Ministry of Public Health,http://dbpedia.org/resource/Bubonic_plague,http://linked.aub.edu.lb/CODEC/Dataset/Plague,http://server/unset-base/02-2016
https://dbpedia.org/resource/Beqaa_Valley,0.0,http://linked.aub.edu.lb/CODEC/observation/Bekaa-2016-03-Plague,https://www.moph.gov.lb/userfiles/files/Esu_data/Esu_pastyears/Bekaa2016.htm,Ministry of Public Health,http://dbpedia.org/resource/Bubonic_plague,http://linked.aub.edu.lb/CODEC/Dataset/Plague,http://server/unset-base/03-2016
https://dbpedia.org/resource/Beqaa_Valley,0.0,http://linked.aub.edu.lb/CODEC/observation/Bekaa-2016-04-Plague,https://www.moph.gov.lb/userfiles/files/Esu_data/Esu_pastyears/Bekaa2016.htm,Ministry of Public Health,http://dbpedia.org/resource/Bubonic_plague,http://linked.aub.edu.lb/CODEC/Dataset/Plague,http://server/unset-base/04-2016
https://dbpedia.org/resource/Beqaa_Valley,0.0,http://linked.aub.edu.lb/CODEC/observation/Bekaa-2016-05-Plague,https://www.moph.gov.lb/userfiles/files/Esu_data/Esu_pastyears/Bekaa2016.htm,Ministry of Public Health,http://dbpedia.org/resource/Bubonic_plague,http://linked.aub.edu.lb/CODEC/Dataset/Plague,http://server/unset-base/05-2016
https://dbpedia.org/resource/Beqaa_Valley,0.0,http://linked.aub.edu.lb/CODEC/observation/Bekaa-2016-06-Plague,https://www.moph.gov.lb/userfiles/files/Esu_data/Esu_pastyears/Bekaa2016.htm,Ministry of Public Health,http://dbpedia.org/resource/Bubonic_plague,http://linked.aub.edu.lb/CODEC/Dataset/Plague,http://server/unset-base/06-2016
https://dbpedia.org/resource/Beqaa_Valley,0.0,http://linked.aub.edu.lb/CODEC/observation/Bekaa-2016-07-Plague,https://www.moph.gov.lb/userfiles/files/Esu_data/Esu_pastyears/Bekaa2016.htm,Ministry of Public Health,http://dbpedia.org/resource/Bubonic_plague,http://linked.aub.edu.lb/CODEC/Dataset/Plague,http://server/unset-base/07-2016
https://dbpedia.org/resource/Beqaa_Valley,0.0,http://linked.aub.edu.lb/CODEC/observation/Bekaa-2016-08-Plague,https://www.moph.gov.lb/userfiles/files/Esu_data/Esu_pastyears/Bekaa2016.htm,Ministry of Public Health,http://dbpedia.org/resource/Bubonic_plague,http://linked.aub.edu.lb/CODEC/Dataset/Plague,http://server/unset-base/08-2016
https://dbpedia.org/resource/Beqaa_Valley,0.0,http://linked.aub.edu.lb/CODEC/observation/Bekaa-2016-09-Plague,https://www.moph.gov.lb/userfiles/files/Esu_data/Esu_pastyears/Bekaa2016.htm,Ministry of Public Health,http://dbpedia.org/resource/Bubonic_plague,http://linked.aub.edu.lb/CODEC/Dataset/Plague,http://server/unset-base/09-2016
https://dbpedia.org/resource/Beqaa_Valley,0.0,http://linked.aub.edu.lb/CODEC/observation/Bekaa-2016-10-Plague,https://www.moph.gov.lb/userfiles/files/Esu_data/Esu_pastyears/Bekaa2016.htm,Ministry of Public Health,http://dbpedia.org/resource/Bubonic_plague,http://linked.aub.edu.lb/CODEC/Dataset/Plague,http://server/unset-base/10-2016
https://dbpedia.org/resource/Beqaa_Valley,0.0,http://linked.aub.edu.lb/CODEC/observation/Bekaa-2016-11-Plague,https://www.moph.gov.lb/userfiles/files/Esu_data/Esu_pastyears/Bekaa2016.htm,Ministry of Public Health,http://dbpedia.org/resource/Bubonic_plague,http://linked.aub.edu.lb/CODEC/Dataset/Plague,http://server/unset-base/11-2016
https://dbpedia.org/resource/Beqaa_Valley,0.0,http://linked.aub.edu.lb/CODEC/observation/Bekaa-2016-12-Plague,https://www.moph.gov.lb/userfiles/files/Esu_data/Esu_pastyears/Bekaa2016.htm,Ministry of Public Health,http://dbpedia.org/resource/Bubonic_plague,http://linked.aub.edu.lb/CODEC/Dataset/Plague,http://server/unset-base/12-2016
https://dbpedia.org/resource/Beirut,0,http://linked.aub.edu.lb/CODEC/observation/Beirut-2017-01-Plague,https://www.moph.gov.lb/userfiles/files/Esu_data/Esu_pastyears/Beirut2017.htm,Ministry of Public Health,http://dbpedia.org/resource/Bubonic_plague,http://linked.aub.edu.lb/CODEC/Dataset/Plague,http://server/unset-base/01-2017
https://dbpedia.org/resource/Beirut,0,http://linked.aub.edu.lb/CODEC/observation/Beirut-2017-02-Plague,https://www.moph.gov.lb/userfiles/files/Esu_data/Esu_pastyears/Beirut2017.htm,Ministry of Public Health,http://dbpedia.org/resource/Bubonic_plague,http://linked.aub.edu.lb/CODEC/Dataset/Plague,http://server/unset-base/02-2017
https://dbpedia.org/resource/Beirut,0,http://linked.aub.edu.lb/CODEC/observation/Beirut-2017-03-Plague,https://www.moph.gov.lb/userfiles/files/Esu_data/Esu_pastyears/Beirut2017.htm,Ministry of Public Health,http://dbpedia.org/resource/Bubonic_plague,http://linked.aub.edu.lb/CODEC/Dataset/Plague,http://server/unset-base/03-2017
https://dbpedia.org/resource/Beirut,0,http://linked.aub.edu.lb/CODEC/observation/Beirut-2017-04-Plague,https://www.moph.gov.lb/userfiles/files/Esu_data/Esu_pastyears/Beirut2017.htm,Ministry of Public Health,http://dbpedia.org/resource/Bubonic_plague,http://linked.aub.edu.lb/CODEC/Dataset/Plague,http://server/unset-base/04-2017
https://dbpedia.org/resource/Beirut,0,http://linked.aub.edu.lb/CODEC/observation/Beirut-2017-05-Plague,https://www.moph.gov.lb/userfiles/files/Esu_data/Esu_pastyears/Beirut2017.htm,Ministry of Public Health,http://dbpedia.org/resource/Bubonic_plague,http://linked.aub.edu.lb/CODEC/Dataset/Plague,http://server/unset-base/05-2017
https://dbpedia.org/resource/Beirut,0,http://linked.aub.edu.lb/CODEC/observation/Beirut-2017-06-Plague,https://www.moph.gov.lb/userfiles/files/Esu_data/Esu_pastyears/Beirut2017.htm,Ministry of Public Health,http://dbpedia.org/resource/Bubonic_plague,http://linked.aub.edu.lb/CODEC/Dataset/Plague,http://server/unset-base/06-2017
https://dbpedia.org/resource/Beirut,0,http://linked.aub.edu.lb/CODEC/observation/Beirut-2017-07-Plague,https://www.moph.gov.lb/userfiles/files/Esu_data/Esu_pastyears/Beirut2017.htm,Ministry of Public Health,http://dbpedia.org/resource/Bubonic_plague,http://linked.aub.edu.lb/CODEC/Dataset/Plague,http://server/unset-base/07-2017
https://dbpedia.org/resource/Beirut,0,http://linked.aub.edu.lb/CODEC/observation/Beirut-2017-08-Plague,https://www.moph.gov.lb/userfiles/files/Esu_data/Esu_pastyears/Beirut2017.htm,Ministry of Public Health,http://dbpedia.org/resource/Bubonic_plague,http://linked.aub.edu.lb/CODEC/Dataset/Plague,http://server/unset-base/08-2017
https://dbpedia.org/resource/Beirut,0,http://linked.aub.edu.lb/CODEC/observation/Beirut-2017-09-Plague,https://www.moph.gov.lb/userfiles/files/Esu_data/Esu_pastyears/Beirut2017.htm,Ministry of Public Health,http://dbpedia.org/resource/Bubonic_plague,http://linked.aub.edu.lb/CODEC/Dataset/Plague,http://server/unset-base/09-2017
https://dbpedia.org/resource/Beirut,0,http://linked.aub.edu.lb/CODEC/observation/Beirut-2017-10-Plague,https://www.moph.gov.lb/userfiles/files/Esu_data/Esu_pastyears/Beirut2017.htm,Ministry of Public Health,http://dbpedia.org/resource/Bubonic_plague,http://linked.aub.edu.lb/CODEC/Dataset/Plague,http://server/unset-base/10-2017
https://dbpedia.org/resource/Beirut,0,http://linked.aub.edu.lb/CODEC/observation/Beirut-2017-11-Plague,https://www.moph.gov.lb/userfiles/files/Esu_data/Esu_pastyears/Beirut2017.htm,Ministry of Public Health,http://dbpedia.org/resource/Bubonic_plague,http://linked.aub.edu.lb/CODEC/Dataset/Plague,http://server/unset-base/11-2017
https://dbpedia.org/resource/Beirut,0,http://linked.aub.edu.lb/CODEC/observation/Beirut-2017-12-Plague,https://www.moph.gov.lb/userfiles/files/Esu_data/Esu_pastyears/Beirut2017.htm,Ministry of Public Health,http://dbpedia.org/resource/Bubonic_plague,http://linked.aub.edu.lb/CODEC/Dataset/Plague,http://server/unset-base/12-2017
https://dbpedia.org/resource/Beqaa_Valley,0,http://linked.aub.edu.lb/CODEC/observation/Bekaa-2017-01-Plague,https://www.moph.gov.lb/userfiles/files/Esu_data/Esu_pastyears/Bekaa2017.htm,Ministry of Public Health,http://dbpedia.org/resource/Bubonic_plague,http://linked.aub.edu.lb/CODEC/Dataset/Plague,http://server/unset-base/01-2017
https://dbpedia.org/resource/Beqaa_Valley,0,http://linked.aub.edu.lb/CODEC/observation/Bekaa-2017-02-Plague,https://www.moph.gov.lb/userfiles/files/Esu_data/Esu_pastyears/Bekaa2017.htm,Ministry of Public Health,http://dbpedia.org/resource/Bubonic_plague,http://linked.aub.edu.lb/CODEC/Dataset/Plague,http://server/unset-base/02-2017
https://dbpedia.org/resource/Beqaa_Valley,0,http://linked.aub.edu.lb/CODEC/observation/Bekaa-2017-03-Plague,https://www.moph.gov.lb/userfiles/files/Esu_data/Esu_pastyears/Bekaa2017.htm,Ministry of Public Health,http://dbpedia.org/resource/Bubonic_plague,http://linked.aub.edu.lb/CODEC/Dataset/Plague,http://server/unset-base/03-2017
https://dbpedia.org/resource/Beqaa_Valley,0,http://linked.aub.edu.lb/CODEC/observation/Bekaa-2017-04-Plague,https://www.moph.gov.lb/userfiles/files/Esu_data/Esu_pastyears/Bekaa2017.htm,Ministry of Public Health,http://dbpedia.org/resource/Bubonic_plague,http://linked.aub.edu.lb/CODEC/Dataset/Plague,http://server/unset-base/04-2017
https://dbpedia.org/resource/Beqaa_Valley,0,http://linked.aub.edu.lb/CODEC/observation/Bekaa-2017-05-Plague,https://www.moph.gov.lb/userfiles/files/Esu_data/Esu_pastyears/Bekaa2017.htm,Ministry of Public Health,http://dbpedia.org/resource/Bubonic_plague,http://linked.aub.edu.lb/CODEC/Dataset/Plague,http://server/unset-base/05-2017
https://dbpedia.org/resource/Beqaa_Valley,0,http://linked.aub.edu.lb/CODEC/observation/Bekaa-2017-06-Plague,https://www.moph.gov.lb/userfiles/files/Esu_data/Esu_pastyears/Bekaa2017.htm,Ministry of Public Health,http://dbpedia.org/resource/Bubonic_plague,http://linked.aub.edu.lb/CODEC/Dataset/Plague,http://server/unset-base/06-2017
https://dbpedia.org/resource/Beqaa_Valley,0,http://linked.aub.edu.lb/CODEC/observation/Bekaa-2017-07-Plague,https://www.moph.gov.lb/userfiles/files/Esu_data/Esu_pastyears/Bekaa2017.htm,Ministry of Public Health,http://dbpedia.org/resource/Bubonic_plague,http://linked.aub.edu.lb/CODEC/Dataset/Plague,http://server/unset-base/07-2017
https://dbpedia.org/resource/Beqaa_Valley,0,http://linked.aub.edu.lb/CODEC/observation/Bekaa-2017-08-Plague,https://www.moph.gov.lb/userfiles/files/Esu_data/Esu_pastyears/Bekaa2017.htm,Ministry of Public Health,http://dbpedia.org/resource/Bubonic_plague,http://linked.aub.edu.lb/CODEC/Dataset/Plague,http://server/unset-base/08-2017
https://dbpedia.org/resource/Beqaa_Valley,0,http://linked.aub.edu.lb/CODEC/observation/Bekaa-2017-09-Plague,https://www.moph.gov.lb/userfiles/files/Esu_data/Esu_pastyears/Bekaa2017.htm,Ministry of Public Health,http://dbpedia.org/resource/Bubonic_plague,http://linked.aub.edu.lb/CODEC/Dataset/Plague,http://server/unset-base/09-2017
https://dbpedia.org/resource/Beqaa_Valley,0,http://linked.aub.edu.lb/CODEC/observation/Bekaa-2017-10-Plague,https://www.moph.gov.lb/userfiles/files/Esu_data/Esu_pastyears/Bekaa2017.htm,Ministry of Public Health,http://dbpedia.org/resource/Bubonic_plague,http://linked.aub.edu.lb/CODEC/Dataset/Plague,http://server/unset-base/10-2017
https://dbpedia.org/resource/Beqaa_Valley,0,http://linked.aub.edu.lb/CODEC/observation/Bekaa-2017-11-Plague,https://www.moph.gov.lb/userfiles/files/Esu_data/Esu_pastyears/Bekaa2017.htm,Ministry of Public Health,http://dbpedia.org/resource/Bubonic_plague,http://linked.aub.edu.lb/CODEC/Dataset/Plague,http://server/unset-base/11-2017
https://dbpedia.org/resource/Beqaa_Valley,0,http://linked.aub.edu.lb/CODEC/observation/Bekaa-2017-12-Plague,https://www.moph.gov.lb/userfiles/files/Esu_data/Esu_pastyears/Bekaa2017.htm,Ministry of Public Health,http://dbpedia.org/resource/Bubonic_plague,http://linked.aub.edu.lb/CODEC/Dataset/Plague,http://server/unset-base/12-2017
https://dbpedia.org/resource/South_Governorate,0,http://linked.aub.edu.lb/CODEC/observation/South-2017-01-Plague,https://www.moph.gov.lb/userfiles/files/Esu_data/Esu_pastyears/South2017.htm,Ministry of Public Health,http://dbpedia.org/resource/Bubonic_plague,http://linked.aub.edu.lb/CODEC/Dataset/Plague,http://server/unset-base/01-2017
https://dbpedia.org/resource/South_Governorate,0,http://linked.aub.edu.lb/CODEC/observation/South-2017-02-Plague,https://www.moph.gov.lb/userfiles/files/Esu_data/Esu_pastyears/South2017.htm,Ministry of Public Health,http://dbpedia.org/resource/Bubonic_plague,http://linked.aub.edu.lb/CODEC/Dataset/Plague,http://server/unset-base/02-2017
https://dbpedia.org/resource/South_Governorate,0,http://linked.aub.edu.lb/CODEC/observation/South-2017-03-Plague,https://www.moph.gov.lb/userfiles/files/Esu_data/Esu_pastyears/South2017.htm,Ministry of Public Health,http://dbpedia.org/resource/Bubonic_plague,http://linked.aub.edu.lb/CODEC/Dataset/Plague,http://server/unset-base/03-2017
https://dbpedia.org/resource/South_Governorate,0,http://linked.aub.edu.lb/CODEC/observation/South-2017-04-Plague,https://www.moph.gov.lb/userfiles/files/Esu_data/Esu_pastyears/South2017.htm,Ministry of Public Health,http://dbpedia.org/resource/Bubonic_plague,http://linked.aub.edu.lb/CODEC/Dataset/Plague,http://server/unset-base/04-2017
https://dbpedia.org/resource/South_Governorate,0,http://linked.aub.edu.lb/CODEC/observation/South-2017-05-Plague,https://www.moph.gov.lb/userfiles/files/Esu_data/Esu_pastyears/South2017.htm,Ministry of Public Health,http://dbpedia.org/resource/Bubonic_plague,http://linked.aub.edu.lb/CODEC/Dataset/Plague,http://server/unset-base/05-2017
https://dbpedia.org/resource/South_Governorate,0,http://linked.aub.edu.lb/CODEC/observation/South-2017-06-Plague,https://www.moph.gov.lb/userfiles/files/Esu_data/Esu_pastyears/South2017.htm,Ministry of Public Health,http://dbpedia.org/resource/Bubonic_plague,http://linked.aub.edu.lb/CODEC/Dataset/Plague,http://server/unset-base/06-2017
https://dbpedia.org/resource/South_Governorate,0,http://linked.aub.edu.lb/CODEC/observation/South-2017-07-Plague,https://www.moph.gov.lb/userfiles/files/Esu_data/Esu_pastyears/South2017.htm,Ministry of Public Health,http://dbpedia.org/resource/Bubonic_plague,http://linked.aub.edu.lb/CODEC/Dataset/Plague,http://server/unset-base/07-2017
https://dbpedia.org/resource/South_Governorate,0,http://linked.aub.edu.lb/CODEC/observation/South-2017-08-Plague,https://www.moph.gov.lb/userfiles/files/Esu_data/Esu_pastyears/South2017.htm,Ministry of Public Health,http://dbpedia.org/resource/Bubonic_plague,http://linked.aub.edu.lb/CODEC/Dataset/Plague,http://server/unset-base/08-2017
https://dbpedia.org/resource/South_Governorate,0,http://linked.aub.edu.lb/CODEC/observation/South-2017-09-Plague,https://www.moph.gov.lb/userfiles/files/Esu_data/Esu_pastyears/South2017.htm,Ministry of Public Health,http://dbpedia.org/resource/Bubonic_plague,http://linked.aub.edu.lb/CODEC/Dataset/Plague,http://server/unset-base/09-2017
https://dbpedia.org/resource/South_Governorate,0,http://linked.aub.edu.lb/CODEC/observation/South-2017-10-Plague,https://www.moph.gov.lb/userfiles/files/Esu_data/Esu_pastyears/South2017.htm,Ministry of Public Health,http://dbpedia.org/resource/Bubonic_plague,http://linked.aub.edu.lb/CODEC/Dataset/Plague,http://server/unset-base/10-2017
https://dbpedia.org/resource/South_Governorate,0,http://linked.aub.edu.lb/CODEC/observation/South-2017-11-Plague,https://www.moph.gov.lb/userfiles/files/Esu_data/Esu_pastyears/South2017.htm,Ministry of Public Health,http://dbpedia.org/resource/Bubonic_plague,http://linked.aub.edu.lb/CODEC/Dataset/Plague,http://server/unset-base/11-2017
https://dbpedia.org/resource/South_Governorate,0,http://linked.aub.edu.lb/CODEC/observation/South-2017-12-Plague,https://www.moph.gov.lb/userfiles/files/Esu_data/Esu_pastyears/South2017.htm,Ministry of Public Health,http://dbpedia.org/resource/Bubonic_plague,http://linked.aub.edu.lb/CODEC/Dataset/Plague,http://server/unset-base/12-2017
https://dbpedia.org/resource/North_Lebanon,0,http://linked.aub.edu.lb/CODEC/observation/North-2017-01-Plague,https://www.moph.gov.lb/userfiles/files/Esu_data/Esu_pastyears/North2017.htm,Ministry of Public Health,http://dbpedia.org/resource/Bubonic_plague,http://linked.aub.edu.lb/CODEC/Dataset/Plague,http://server/unset-base/01-2017
https://dbpedia.org/resource/North_Lebanon,0,http://linked.aub.edu.lb/CODEC/observation/North-2017-02-Plague,https://www.moph.gov.lb/userfiles/files/Esu_data/Esu_pastyears/North2017.htm,Ministry of Public Health,http://dbpedia.org/resource/Bubonic_plague,http://linked.aub.edu.lb/CODEC/Dataset/Plague,http://server/unset-base/02-2017
https://dbpedia.org/resource/North_Lebanon,0,http://linked.aub.edu.lb/CODEC/observation/North-2017-03-Plague,https://www.moph.gov.lb/userfiles/files/Esu_data/Esu_pastyears/North2017.htm,Ministry of Public Health,http://dbpedia.org/resource/Bubonic_plague,http://linked.aub.edu.lb/CODEC/Dataset/Plague,http://server/unset-base/03-2017
https://dbpedia.org/resource/North_Lebanon,0,http://linked.aub.edu.lb/CODEC/observation/North-2017-04-Plague,https://www.moph.gov.lb/userfiles/files/Esu_data/Esu_pastyears/North2017.htm,Ministry of Public Health,http://dbpedia.org/resource/Bubonic_plague,http://linked.aub.edu.lb/CODEC/Dataset/Plague,http://server/unset-base/04-2017
https://dbpedia.org/resource/North_Lebanon,0,http://linked.aub.edu.lb/CODEC/observation/North-2017-05-Plague,https://www.moph.gov.lb/userfiles/files/Esu_data/Esu_pastyears/North2017.htm,Ministry of Public Health,http://dbpedia.org/resource/Bubonic_plague,http://linked.aub.edu.lb/CODEC/Dataset/Plague,http://server/unset-base/05-2017
https://dbpedia.org/resource/North_Lebanon,0,http://linked.aub.edu.lb/CODEC/observation/North-2017-06-Plague,https://www.moph.gov.lb/userfiles/files/Esu_data/Esu_pastyears/North2017.htm,Ministry of Public Health,http://dbpedia.org/resource/Bubonic_plague,http://linked.aub.edu.lb/CODEC/Dataset/Plague,http://server/unset-base/06-2017
https://dbpedia.org/resource/North_Lebanon,0,http://linked.aub.edu.lb/CODEC/observation/North-2017-07-Plague,https://www.moph.gov.lb/userfiles/files/Esu_data/Esu_pastyears/North2017.htm,Ministry of Public Health,http://dbpedia.org/resource/Bubonic_plague,http://linked.aub.edu.lb/CODEC/Dataset/Plague,http://server/unset-base/07-2017
https://dbpedia.org/resource/North_Lebanon,0,http://linked.aub.edu.lb/CODEC/observation/North-2017-08-Plague,https://www.moph.gov.lb/userfiles/files/Esu_data/Esu_pastyears/North2017.htm,Ministry of Public Health,http://dbpedia.org/resource/Bubonic_plague,http://linked.aub.edu.lb/CODEC/Dataset/Plague,http://server/unset-base/08-2017
https://dbpedia.org/resource/North_Lebanon,0,http://linked.aub.edu.lb/CODEC/observation/North-2017-09-Plague,https://www.moph.gov.lb/userfiles/files/Esu_data/Esu_pastyears/North2017.htm,Ministry of Public Health,http://dbpedia.org/resource/Bubonic_plague,http://linked.aub.edu.lb/CODEC/Dataset/Plague,http://server/unset-base/09-2017
https://dbpedia.org/resource/North_Lebanon,0,http://linked.aub.edu.lb/CODEC/observation/North-2017-10-Plague,https://www.moph.gov.lb/userfiles/files/Esu_data/Esu_pastyears/North2017.htm,Ministry of Public Health,http://dbpedia.org/resource/Bubonic_plague,http://linked.aub.edu.lb/CODEC/Dataset/Plague,http://server/unset-base/10-2017
https://dbpedia.org/resource/North_Lebanon,0,http://linked.aub.edu.lb/CODEC/observation/North-2017-11-Plague,https://www.moph.gov.lb/userfiles/files/Esu_data/Esu_pastyears/North2017.htm,Ministry of Public Health,http://dbpedia.org/resource/Bubonic_plague,http://linked.aub.edu.lb/CODEC/Dataset/Plague,http://server/unset-base/11-2017
https://dbpedia.org/resource/North_Lebanon,0,http://linked.aub.edu.lb/CODEC/observation/North-2017-12-Plague,https://www.moph.gov.lb/userfiles/files/Esu_data/Esu_pastyears/North2017.htm,Ministry of Public Health,http://dbpedia.org/resource/Bubonic_plague,http://linked.aub.edu.lb/CODEC/Dataset/Plague,http://server/unset-base/12-2017
https://dbpedia.org/resource/Nabatieh_Governorate,0,http://linked.aub.edu.lb/CODEC/observation/Nabatieh-2017-01-Plague,https://www.moph.gov.lb/userfiles/files/Esu_data/Esu_pastyears/Nabatieh2017.htm,Ministry of Public Health,http://dbpedia.org/resource/Bubonic_plague,http://linked.aub.edu.lb/CODEC/Dataset/Plague,http://server/unset-base/01-2017
https://dbpedia.org/resource/Nabatieh_Governorate,0,http://linked.aub.edu.lb/CODEC/observation/Nabatieh-2017-02-Plague,https://www.moph.gov.lb/userfiles/files/Esu_data/Esu_pastyears/Nabatieh2017.htm,Ministry of Public Health,http://dbpedia.org/resource/Bubonic_plague,http://linked.aub.edu.lb/CODEC/Dataset/Plague,http://server/unset-base/02-2017
https://dbpedia.org/resource/Nabatieh_Governorate,0,http://linked.aub.edu.lb/CODEC/observation/Nabatieh-2017-03-Plague,https://www.moph.gov.lb/userfiles/files/Esu_data/Esu_pastyears/Nabatieh2017.htm,Ministry of Public Health,http://dbpedia.org/resource/Bubonic_plague,http://linked.aub.edu.lb/CODEC/Dataset/Plague,http://server/unset-base/03-2017
https://dbpedia.org/resource/Nabatieh_Governorate,0,http://linked.aub.edu.lb/CODEC/observation/Nabatieh-2017-04-Plague,https://www.moph.gov.lb/userfiles/files/Esu_data/Esu_pastyears/Nabatieh2017.htm,Ministry of Public Health,http://dbpedia.org/resource/Bubonic_plague,http://linked.aub.edu.lb/CODEC/Dataset/Plague,http://server/unset-base/04-2017
https://dbpedia.org/resource/Nabatieh_Governorate,0,http://linked.aub.edu.lb/CODEC/observation/Nabatieh-2017-05-Plague,https://www.moph.gov.lb/userfiles/files/Esu_data/Esu_pastyears/Nabatieh2017.htm,Ministry of Public Health,http://dbpedia.org/resource/Bubonic_plague,http://linked.aub.edu.lb/CODEC/Dataset/Plague,http://server/unset-base/05-2017
https://dbpedia.org/resource/Nabatieh_Governorate,0,http://linked.aub.edu.lb/CODEC/observation/Nabatieh-2017-06-Plague,https://www.moph.gov.lb/userfiles/files/Esu_data/Esu_pastyears/Nabatieh2017.htm,Ministry of Public Health,http://dbpedia.org/resource/Bubonic_plague,http://linked.aub.edu.lb/CODEC/Dataset/Plague,http://server/unset-base/06-2017
https://dbpedia.org/resource/Nabatieh_Governorate,0,http://linked.aub.edu.lb/CODEC/observation/Nabatieh-2017-07-Plague,https://www.moph.gov.lb/userfiles/files/Esu_data/Esu_pastyears/Nabatieh2017.htm,Ministry of Public Health,http://dbpedia.org/resource/Bubonic_plague,http://linked.aub.edu.lb/CODEC/Dataset/Plague,http://server/unset-base/07-2017
https://dbpedia.org/resource/Nabatieh_Governorate,0,http://linked.aub.edu.lb/CODEC/observation/Nabatieh-2017-08-Plague,https://www.moph.gov.lb/userfiles/files/Esu_data/Esu_pastyears/Nabatieh2017.htm,Ministry of Public Health,http://dbpedia.org/resource/Bubonic_plague,http://linked.aub.edu.lb/CODEC/Dataset/Plague,http://server/unset-base/08-2017
https://dbpedia.org/resource/Nabatieh_Governorate,0,http://linked.aub.edu.lb/CODEC/observation/Nabatieh-2017-09-Plague,https://www.moph.gov.lb/userfiles/files/Esu_data/Esu_pastyears/Nabatieh2017.htm,Ministry of Public Health,http://dbpedia.org/resource/Bubonic_plague,http://linked.aub.edu.lb/CODEC/Dataset/Plague,http://server/unset-base/09-2017
https://dbpedia.org/resource/Nabatieh_Governorate,0,http://linked.aub.edu.lb/CODEC/observation/Nabatieh-2017-10-Plague,https://www.moph.gov.lb/userfiles/files/Esu_data/Esu_pastyears/Nabatieh2017.htm,Ministry of Public Health,http://dbpedia.org/resource/Bubonic_plague,http://linked.aub.edu.lb/CODEC/Dataset/Plague,http://server/unset-base/10-2017
https://dbpedia.org/resource/Nabatieh_Governorate,0,http://linked.aub.edu.lb/CODEC/observation/Nabatieh-2017-11-Plague,https://www.moph.gov.lb/userfiles/files/Esu_data/Esu_pastyears/Nabatieh2017.htm,Ministry of Public Health,http://dbpedia.org/resource/Bubonic_plague,http://linked.aub.edu.lb/CODEC/Dataset/Plague,http://server/unset-base/11-2017
https://dbpedia.org/resource/Nabatieh_Governorate,0,http://linked.aub.edu.lb/CODEC/observation/Nabatieh-2017-12-Plague,https://www.moph.gov.lb/userfiles/files/Esu_data/Esu_pastyears/Nabatieh2017.htm,Ministry of Public Health,http://dbpedia.org/resource/Bubonic_plague,http://linked.aub.edu.lb/CODEC/Dataset/Plague,http://server/unset-base/12-2017
https://dbpedia.org/resource/Mount_Lebanon,0,http://linked.aub.edu.lb/CODEC/observation/Mount_Lebanon-2017-01-Plague,https://www.moph.gov.lb/userfiles/files/Esu_data/Esu_pastyears/Mount2017.htm,Ministry of Public Health,http://dbpedia.org/resource/Bubonic_plague,http://linked.aub.edu.lb/CODEC/Dataset/Plague,http://server/unset-base/01-2017
https://dbpedia.org/resource/Mount_Lebanon,0,http://linked.aub.edu.lb/CODEC/observation/Mount_Lebanon-2017-02-Plague,https://www.moph.gov.lb/userfiles/files/Esu_data/Esu_pastyears/Mount2017.htm,Ministry of Public Health,http://dbpedia.org/resource/Bubonic_plague,http://linked.aub.edu.lb/CODEC/Dataset/Plague,http://server/unset-base/02-2017
https://dbpedia.org/resource/Mount_Lebanon,0,http://linked.aub.edu.lb/CODEC/observation/Mount_Lebanon-2017-03-Plague,https://www.moph.gov.lb/userfiles/files/Esu_data/Esu_pastyears/Mount2017.htm,Ministry of Public Health,http://dbpedia.org/resource/Bubonic_plague,http://linked.aub.edu.lb/CODEC/Dataset/Plague,http://server/unset-base/03-2017
https://dbpedia.org/resource/Mount_Lebanon,0,http://linked.aub.edu.lb/CODEC/observation/Mount_Lebanon-2017-04-Plague,https://www.moph.gov.lb/userfiles/files/Esu_data/Esu_pastyears/Mount2017.htm,Ministry of Public Health,http://dbpedia.org/resource/Bubonic_plague,http://linked.aub.edu.lb/CODEC/Dataset/Plague,http://server/unset-base/04-2017
https://dbpedia.org/resource/Mount_Lebanon,0,http://linked.aub.edu.lb/CODEC/observation/Mount_Lebanon-2017-05-Plague,https://www.moph.gov.lb/userfiles/files/Esu_data/Esu_pastyears/Mount2017.htm,Ministry of Public Health,http://dbpedia.org/resource/Bubonic_plague,http://linked.aub.edu.lb/CODEC/Dataset/Plague,http://server/unset-base/05-2017
https://dbpedia.org/resource/Mount_Lebanon,0,http://linked.aub.edu.lb/CODEC/observation/Mount_Lebanon-2017-06-Plague,https://www.moph.gov.lb/userfiles/files/Esu_data/Esu_pastyears/Mount2017.htm,Ministry of Public Health,http://dbpedia.org/resource/Bubonic_plague,http://linked.aub.edu.lb/CODEC/Dataset/Plague,http://server/unset-base/06-2017
https://dbpedia.org/resource/Mount_Lebanon,0,http://linked.aub.edu.lb/CODEC/observation/Mount_Lebanon-2017-07-Plague,https://www.moph.gov.lb/userfiles/files/Esu_data/Esu_pastyears/Mount2017.htm,Ministry of Public Health,http://dbpedia.org/resource/Bubonic_plague,http://linked.aub.edu.lb/CODEC/Dataset/Plague,http://server/unset-base/07-2017
https://dbpedia.org/resource/Mount_Lebanon,0,http://linked.aub.edu.lb/CODEC/observation/Mount_Lebanon-2017-08-Plague,https://www.moph.gov.lb/userfiles/files/Esu_data/Esu_pastyears/Mount2017.htm,Ministry of Public Health,http://dbpedia.org/resource/Bubonic_plague,http://linked.aub.edu.lb/CODEC/Dataset/Plague,http://server/unset-base/08-2017
https://dbpedia.org/resource/Mount_Lebanon,0,http://linked.aub.edu.lb/CODEC/observation/Mount_Lebanon-2017-09-Plague,https://www.moph.gov.lb/userfiles/files/Esu_data/Esu_pastyears/Mount2017.htm,Ministry of Public Health,http://dbpedia.org/resource/Bubonic_plague,http://linked.aub.edu.lb/CODEC/Dataset/Plague,http://server/unset-base/09-2017
https://dbpedia.org/resource/Mount_Lebanon,0,http://linked.aub.edu.lb/CODEC/observation/Mount_Lebanon-2017-10-Plague,https://www.moph.gov.lb/userfiles/files/Esu_data/Esu_pastyears/Mount2017.htm,Ministry of Public Health,http://dbpedia.org/resource/Bubonic_plague,http://linked.aub.edu.lb/CODEC/Dataset/Plague,http://server/unset-base/10-2017
https://dbpedia.org/resource/Mount_Lebanon,0,http://linked.aub.edu.lb/CODEC/observation/Mount_Lebanon-2017-11-Plague,https://www.moph.gov.lb/userfiles/files/Esu_data/Esu_pastyears/Mount2017.htm,Ministry of Public Health,http://dbpedia.org/resource/Bubonic_plague,http://linked.aub.edu.lb/CODEC/Dataset/Plague,http://server/unset-base/11-2017
https://dbpedia.org/resource/Mount_Lebanon,0,http://linked.aub.edu.lb/CODEC/observation/Mount_Lebanon-2017-12-Plague,https://www.moph.gov.lb/userfiles/files/Esu_data/Esu_pastyears/Mount2017.htm,Ministry of Public Health,http://dbpedia.org/resource/Bubonic_plague,http://linked.aub.edu.lb/CODEC/Dataset/Plague,http://server/unset-base/12-2017
https://dbpedia.org/resource/Beirut,0,http://linked.aub.edu.lb/CODEC/observation/Beirut-2018-01-Plague,https://www.moph.gov.lb/userfiles/files/Esu_data/Esu_pastyears/Beirut2018.htm,Ministry of Public Health,http://dbpedia.org/resource/Bubonic_plague,http://linked.aub.edu.lb/CODEC/Dataset/Plague,http://server/unset-base/01-2018
https://dbpedia.org/resource/Beirut,0,http://linked.aub.edu.lb/CODEC/observation/Beirut-2018-02-Plague,https://www.moph.gov.lb/userfiles/files/Esu_data/Esu_pastyears/Beirut2018.htm,Ministry of Public Health,http://dbpedia.org/resource/Bubonic_plague,http://linked.aub.edu.lb/CODEC/Dataset/Plague,http://server/unset-base/02-2018
https://dbpedia.org/resource/Beirut,0,http://linked.aub.edu.lb/CODEC/observation/Beirut-2018-03-Plague,https://www.moph.gov.lb/userfiles/files/Esu_data/Esu_pastyears/Beirut2018.htm,Ministry of Public Health,http://dbpedia.org/resource/Bubonic_plague,http://linked.aub.edu.lb/CODEC/Dataset/Plague,http://server/unset-base/03-2018
https://dbpedia.org/resource/Beirut,0,http://linked.aub.edu.lb/CODEC/observation/Beirut-2018-04-Plague,https://www.moph.gov.lb/userfiles/files/Esu_data/Esu_pastyears/Beirut2018.htm,Ministry of Public Health,http://dbpedia.org/resource/Bubonic_plague,http://linked.aub.edu.lb/CODEC/Dataset/Plague,http://server/unset-base/04-2018
https://dbpedia.org/resource/Beirut,0,http://linked.aub.edu.lb/CODEC/observation/Beirut-2018-05-Plague,https://www.moph.gov.lb/userfiles/files/Esu_data/Esu_pastyears/Beirut2018.htm,Ministry of Public Health,http://dbpedia.org/resource/Bubonic_plague,http://linked.aub.edu.lb/CODEC/Dataset/Plague,http://server/unset-base/05-2018
https://dbpedia.org/resource/Beirut,0,http://linked.aub.edu.lb/CODEC/observation/Beirut-2018-06-Plague,https://www.moph.gov.lb/userfiles/files/Esu_data/Esu_pastyears/Beirut2018.htm,Ministry of Public Health,http://dbpedia.org/resource/Bubonic_plague,http://linked.aub.edu.lb/CODEC/Dataset/Plague,http://server/unset-base/06-2018
https://dbpedia.org/resource/Beirut,0,http://linked.aub.edu.lb/CODEC/observation/Beirut-2018-07-Plague,https://www.moph.gov.lb/userfiles/files/Esu_data/Esu_pastyears/Beirut2018.htm,Ministry of Public Health,http://dbpedia.org/resource/Bubonic_plague,http://linked.aub.edu.lb/CODEC/Dataset/Plague,http://server/unset-base/07-2018
https://dbpedia.org/resource/Beirut,0,http://linked.aub.edu.lb/CODEC/observation/Beirut-2018-08-Plague,https://www.moph.gov.lb/userfiles/files/Esu_data/Esu_pastyears/Beirut2018.htm,Ministry of Public Health,http://dbpedia.org/resource/Bubonic_plague,http://linked.aub.edu.lb/CODEC/Dataset/Plague,http://server/unset-base/08-2018
https://dbpedia.org/resource/Beirut,0,http://linked.aub.edu.lb/CODEC/observation/Beirut-2018-09-Plague,https://www.moph.gov.lb/userfiles/files/Esu_data/Esu_pastyears/Beirut2018.htm,Ministry of Public Health,http://dbpedia.org/resource/Bubonic_plague,http://linked.aub.edu.lb/CODEC/Dataset/Plague,http://server/unset-base/09-2018
https://dbpedia.org/resource/Beirut,0,http://linked.aub.edu.lb/CODEC/observation/Beirut-2018-10-Plague,https://www.moph.gov.lb/userfiles/files/Esu_data/Esu_pastyears/Beirut2018.htm,Ministry of Public Health,http://dbpedia.org/resource/Bubonic_plague,http://linked.aub.edu.lb/CODEC/Dataset/Plague,http://server/unset-base/10-2018
https://dbpedia.org/resource/Beirut,0,http://linked.aub.edu.lb/CODEC/observation/Beirut-2018-11-Plague,https://www.moph.gov.lb/userfiles/files/Esu_data/Esu_pastyears/Beirut2018.htm,Ministry of Public Health,http://dbpedia.org/resource/Bubonic_plague,http://linked.aub.edu.lb/CODEC/Dataset/Plague,http://server/unset-base/11-2018
https://dbpedia.org/resource/Beirut,0,http://linked.aub.edu.lb/CODEC/observation/Beirut-2018-12-Plague,https://www.moph.gov.lb/userfiles/files/Esu_data/Esu_pastyears/Beirut2018.htm,Ministry of Public Health,http://dbpedia.org/resource/Bubonic_plague,http://linked.aub.edu.lb/CODEC/Dataset/Plague,http://server/unset-base/12-2018
https://dbpedia.org/resource/Nabatieh_Governorate,0,http://linked.aub.edu.lb/CODEC/observation/Nabatieh-2018-01-Plague,https://www.moph.gov.lb/userfiles/files/Esu_data/Esu_pastyears/Nabatieh2018.htm,Ministry of Public Health,http://dbpedia.org/resource/Bubonic_plague,http://linked.aub.edu.lb/CODEC/Dataset/Plague,http://server/unset-base/01-2018
https://dbpedia.org/resource/Nabatieh_Governorate,0,http://linked.aub.edu.lb/CODEC/observation/Nabatieh-2018-02-Plague,https://www.moph.gov.lb/userfiles/files/Esu_data/Esu_pastyears/Nabatieh2018.htm,Ministry of Public Health,http://dbpedia.org/resource/Bubonic_plague,http://linked.aub.edu.lb/CODEC/Dataset/Plague,http://server/unset-base/02-2018
https://dbpedia.org/resource/Nabatieh_Governorate,0,http://linked.aub.edu.lb/CODEC/observation/Nabatieh-2018-03-Plague,https://www.moph.gov.lb/userfiles/files/Esu_data/Esu_pastyears/Nabatieh2018.htm,Ministry of Public Health,http://dbpedia.org/resource/Bubonic_plague,http://linked.aub.edu.lb/CODEC/Dataset/Plague,http://server/unset-base/03-2018
https://dbpedia.org/resource/Nabatieh_Governorate,0,http://linked.aub.edu.lb/CODEC/observation/Nabatieh-2018-04-Plague,https://www.moph.gov.lb/userfiles/files/Esu_data/Esu_pastyears/Nabatieh2018.htm,Ministry of Public Health,http://dbpedia.org/resource/Bubonic_plague,http://linked.aub.edu.lb/CODEC/Dataset/Plague,http://server/unset-base/04-2018
https://dbpedia.org/resource/Nabatieh_Governorate,0,http://linked.aub.edu.lb/CODEC/observation/Nabatieh-2018-05-Plague,https://www.moph.gov.lb/userfiles/files/Esu_data/Esu_pastyears/Nabatieh2018.htm,Ministry of Public Health,http://dbpedia.org/resource/Bubonic_plague,http://linked.aub.edu.lb/CODEC/Dataset/Plague,http://server/unset-base/05-2018
https://dbpedia.org/resource/Nabatieh_Governorate,0,http://linked.aub.edu.lb/CODEC/observation/Nabatieh-2018-06-Plague,https://www.moph.gov.lb/userfiles/files/Esu_data/Esu_pastyears/Nabatieh2018.htm,Ministry of Public Health,http://dbpedia.org/resource/Bubonic_plague,http://linked.aub.edu.lb/CODEC/Dataset/Plague,http://server/unset-base/06-2018
https://dbpedia.org/resource/Nabatieh_Governorate,0,http://linked.aub.edu.lb/CODEC/observation/Nabatieh-2018-07-Plague,https://www.moph.gov.lb/userfiles/files/Esu_data/Esu_pastyears/Nabatieh2018.htm,Ministry of Public Health,http://dbpedia.org/resource/Bubonic_plague,http://linked.aub.edu.lb/CODEC/Dataset/Plague,http://server/unset-base/07-2018
https://dbpedia.org/resource/Nabatieh_Governorate,0,http://linked.aub.edu.lb/CODEC/observation/Nabatieh-2018-08-Plague,https://www.moph.gov.lb/userfiles/files/Esu_data/Esu_pastyears/Nabatieh2018.htm,Ministry of Public Health,http://dbpedia.org/resource/Bubonic_plague,http://linked.aub.edu.lb/CODEC/Dataset/Plague,http://server/unset-base/08-2018
https://dbpedia.org/resource/Nabatieh_Governorate,0,http://linked.aub.edu.lb/CODEC/observation/Nabatieh-2018-09-Plague,https://www.moph.gov.lb/userfiles/files/Esu_data/Esu_pastyears/Nabatieh2018.htm,Ministry of Public Health,http://dbpedia.org/resource/Bubonic_plague,http://linked.aub.edu.lb/CODEC/Dataset/Plague,http://server/unset-base/09-2018
https://dbpedia.org/resource/Nabatieh_Governorate,0,http://linked.aub.edu.lb/CODEC/observation/Nabatieh-2018-10-Plague,https://www.moph.gov.lb/userfiles/files/Esu_data/Esu_pastyears/Nabatieh2018.htm,Ministry of Public Health,http://dbpedia.org/resource/Bubonic_plague,http://linked.aub.edu.lb/CODEC/Dataset/Plague,http://server/unset-base/10-2018
https://dbpedia.org/resource/Nabatieh_Governorate,0,http://linked.aub.edu.lb/CODEC/observation/Nabatieh-2018-11-Plague,https://www.moph.gov.lb/userfiles/files/Esu_data/Esu_pastyears/Nabatieh2018.htm,Ministry of Public Health,http://dbpedia.org/resource/Bubonic_plague,http://linked.aub.edu.lb/CODEC/Dataset/Plague,http://server/unset-base/11-2018
https://dbpedia.org/resource/Nabatieh_Governorate,0,http://linked.aub.edu.lb/CODEC/observation/Nabatieh-2018-12-Plague,https://www.moph.gov.lb/userfiles/files/Esu_data/Esu_pastyears/Nabatieh2018.htm,Ministry of Public Health,http://dbpedia.org/resource/Bubonic_plague,http://linked.aub.edu.lb/CODEC/Dataset/Plague,http://server/unset-base/12-2018
https://dbpedia.org/resource/North_Lebanon,0,http://linked.aub.edu.lb/CODEC/observation/North-2018-01-Plague,https://www.moph.gov.lb/userfiles/files/Esu_data/Esu_pastyears/North2018.htm,Ministry of Public Health,http://dbpedia.org/resource/Bubonic_plague,http://linked.aub.edu.lb/CODEC/Dataset/Plague,http://server/unset-base/01-2018
https://dbpedia.org/resource/North_Lebanon,0,http://linked.aub.edu.lb/CODEC/observation/North-2018-02-Plague,https://www.moph.gov.lb/userfiles/files/Esu_data/Esu_pastyears/North2018.htm,Ministry of Public Health,http://dbpedia.org/resource/Bubonic_plague,http://linked.aub.edu.lb/CODEC/Dataset/Plague,http://server/unset-base/02-2018
https://dbpedia.org/resource/North_Lebanon,0,http://linked.aub.edu.lb/CODEC/observation/North-2018-03-Plague,https://www.moph.gov.lb/userfiles/files/Esu_data/Esu_pastyears/North2018.htm,Ministry of Public Health,http://dbpedia.org/resource/Bubonic_plague,http://linked.aub.edu.lb/CODEC/Dataset/Plague,http://server/unset-base/03-2018
https://dbpedia.org/resource/North_Lebanon,0,http://linked.aub.edu.lb/CODEC/observation/North-2018-04-Plague,https://www.moph.gov.lb/userfiles/files/Esu_data/Esu_pastyears/North2018.htm,Ministry of Public Health,http://dbpedia.org/resource/Bubonic_plague,http://linked.aub.edu.lb/CODEC/Dataset/Plague,http://server/unset-base/04-2018
https://dbpedia.org/resource/North_Lebanon,0,http://linked.aub.edu.lb/CODEC/observation/North-2018-05-Plague,https://www.moph.gov.lb/userfiles/files/Esu_data/Esu_pastyears/North2018.htm,Ministry of Public Health,http://dbpedia.org/resource/Bubonic_plague,http://linked.aub.edu.lb/CODEC/Dataset/Plague,http://server/unset-base/05-2018
https://dbpedia.org/resource/North_Lebanon,0,http://linked.aub.edu.lb/CODEC/observation/North-2018-06-Plague,https://www.moph.gov.lb/userfiles/files/Esu_data/Esu_pastyears/North2018.htm,Ministry of Public Health,http://dbpedia.org/resource/Bubonic_plague,http://linked.aub.edu.lb/CODEC/Dataset/Plague,http://server/unset-base/06-2018
https://dbpedia.org/resource/North_Lebanon,0,http://linked.aub.edu.lb/CODEC/observation/North-2018-07-Plague,https://www.moph.gov.lb/userfiles/files/Esu_data/Esu_pastyears/North2018.htm,Ministry of Public Health,http://dbpedia.org/resource/Bubonic_plague,http://linked.aub.edu.lb/CODEC/Dataset/Plague,http://server/unset-base/07-2018
https://dbpedia.org/resource/North_Lebanon,0,http://linked.aub.edu.lb/CODEC/observation/North-2018-08-Plague,https://www.moph.gov.lb/userfiles/files/Esu_data/Esu_pastyears/North2018.htm,Ministry of Public Health,http://dbpedia.org/resource/Bubonic_plague,http://linked.aub.edu.lb/CODEC/Dataset/Plague,http://server/unset-base/08-2018
https://dbpedia.org/resource/North_Lebanon,0,http://linked.aub.edu.lb/CODEC/observation/North-2018-09-Plague,https://www.moph.gov.lb/userfiles/files/Esu_data/Esu_pastyears/North2018.htm,Ministry of Public Health,http://dbpedia.org/resource/Bubonic_plague,http://linked.aub.edu.lb/CODEC/Dataset/Plague,http://server/unset-base/09-2018
https://dbpedia.org/resource/North_Lebanon,0,http://linked.aub.edu.lb/CODEC/observation/North-2018-10-Plague,https://www.moph.gov.lb/userfiles/files/Esu_data/Esu_pastyears/North2018.htm,Ministry of Public Health,http://dbpedia.org/resource/Bubonic_plague,http://linked.aub.edu.lb/CODEC/Dataset/Plague,http://server/unset-base/10-2018
https://dbpedia.org/resource/North_Lebanon,0,http://linked.aub.edu.lb/CODEC/observation/North-2018-11-Plague,https://www.moph.gov.lb/userfiles/files/Esu_data/Esu_pastyears/North2018.htm,Ministry of Public Health,http://dbpedia.org/resource/Bubonic_plague,http://linked.aub.edu.lb/CODEC/Dataset/Plague,http://server/unset-base/11-2018
https://dbpedia.org/resource/North_Lebanon,0,http://linked.aub.edu.lb/CODEC/observation/North-2018-12-Plague,https://www.moph.gov.lb/userfiles/files/Esu_data/Esu_pastyears/North2018.htm,Ministry of Public Health,http://dbpedia.org/resource/Bubonic_plague,http://linked.aub.edu.lb/CODEC/Dataset/Plague,http://server/unset-base/12-2018
https://dbpedia.org/resource/South_Governorate,0,http://linked.aub.edu.lb/CODEC/observation/South-2018-01-Plague,https://www.moph.gov.lb/userfiles/files/Esu_data/Esu_pastyears/South2018.htm,Ministry of Public Health,http://dbpedia.org/resource/Bubonic_plague,http://linked.aub.edu.lb/CODEC/Dataset/Plague,http://server/unset-base/01-2018
https://dbpedia.org/resource/South_Governorate,0,http://linked.aub.edu.lb/CODEC/observation/South-2018-02-Plague,https://www.moph.gov.lb/userfiles/files/Esu_data/Esu_pastyears/South2018.htm,Ministry of Public Health,http://dbpedia.org/resource/Bubonic_plague,http://linked.aub.edu.lb/CODEC/Dataset/Plague,http://server/unset-base/02-2018
https://dbpedia.org/resource/South_Governorate,0,http://linked.aub.edu.lb/CODEC/observation/South-2018-03-Plague,https://www.moph.gov.lb/userfiles/files/Esu_data/Esu_pastyears/South2018.htm,Ministry of Public Health,http://dbpedia.org/resource/Bubonic_plague,http://linked.aub.edu.lb/CODEC/Dataset/Plague,http://server/unset-base/03-2018
https://dbpedia.org/resource/South_Governorate,0,http://linked.aub.edu.lb/CODEC/observation/South-2018-04-Plague,https://www.moph.gov.lb/userfiles/files/Esu_data/Esu_pastyears/South2018.htm,Ministry of Public Health,http://dbpedia.org/resource/Bubonic_plague,http://linked.aub.edu.lb/CODEC/Dataset/Plague,http://server/unset-base/04-2018
https://dbpedia.org/resource/South_Governorate,0,http://linked.aub.edu.lb/CODEC/observation/South-2018-05-Plague,https://www.moph.gov.lb/userfiles/files/Esu_data/Esu_pastyears/South2018.htm,Ministry of Public Health,http://dbpedia.org/resource/Bubonic_plague,http://linked.aub.edu.lb/CODEC/Dataset/Plague,http://server/unset-base/05-2018
https://dbpedia.org/resource/South_Governorate,0,http://linked.aub.edu.lb/CODEC/observation/South-2018-06-Plague,https://www.moph.gov.lb/userfiles/files/Esu_data/Esu_pastyears/South2018.htm,Ministry of Public Health,http://dbpedia.org/resource/Bubonic_plague,http://linked.aub.edu.lb/CODEC/Dataset/Plague,http://server/unset-base/06-2018
https://dbpedia.org/resource/South_Governorate,0,http://linked.aub.edu.lb/CODEC/observation/South-2018-07-Plague,https://www.moph.gov.lb/userfiles/files/Esu_data/Esu_pastyears/South2018.htm,Ministry of Public Health,http://dbpedia.org/resource/Bubonic_plague,http://linked.aub.edu.lb/CODEC/Dataset/Plague,http://server/unset-base/07-2018
https://dbpedia.org/resource/South_Governorate,0,http://linked.aub.edu.lb/CODEC/observation/South-2018-08-Plague,https://www.moph.gov.lb/userfiles/files/Esu_data/Esu_pastyears/South2018.htm,Ministry of Public Health,http://dbpedia.org/resource/Bubonic_plague,http://linked.aub.edu.lb/CODEC/Dataset/Plague,http://server/unset-base/08-2018
https://dbpedia.org/resource/South_Governorate,0,http://linked.aub.edu.lb/CODEC/observation/South-2018-09-Plague,https://www.moph.gov.lb/userfiles/files/Esu_data/Esu_pastyears/South2018.htm,Ministry of Public Health,http://dbpedia.org/resource/Bubonic_plague,http://linked.aub.edu.lb/CODEC/Dataset/Plague,http://server/unset-base/09-2018
https://dbpedia.org/resource/South_Governorate,0,http://linked.aub.edu.lb/CODEC/observation/South-2018-10-Plague,https://www.moph.gov.lb/userfiles/files/Esu_data/Esu_pastyears/South2018.htm,Ministry of Public Health,http://dbpedia.org/resource/Bubonic_plague,http://linked.aub.edu.lb/CODEC/Dataset/Plague,http://server/unset-base/10-2018
https://dbpedia.org/resource/South_Governorate,0,http://linked.aub.edu.lb/CODEC/observation/South-2018-11-Plague,https://www.moph.gov.lb/userfiles/files/Esu_data/Esu_pastyears/South2018.htm,Ministry of Public Health,http://dbpedia.org/resource/Bubonic_plague,http://linked.aub.edu.lb/CODEC/Dataset/Plague,http://server/unset-base/11-2018
https://dbpedia.org/resource/South_Governorate,0,http://linked.aub.edu.lb/CODEC/observation/South-2018-12-Plague,https://www.moph.gov.lb/userfiles/files/Esu_data/Esu_pastyears/South2018.htm,Ministry of Public Health,http://dbpedia.org/resource/Bubonic_plague,http://linked.aub.edu.lb/CODEC/Dataset/Plague,http://server/unset-base/12-2018
https://dbpedia.org/resource/Mount_Lebanon,0,http://linked.aub.edu.lb/CODEC/observation/Mount_Lebanon-2018-01-Plague,https://www.moph.gov.lb/userfiles/files/Esu_data/Esu_pastyears/Mount2018.htm,Ministry of Public Health,http://dbpedia.org/resource/Bubonic_plague,http://linked.aub.edu.lb/CODEC/Dataset/Plague,http://server/unset-base/01-2018
https://dbpedia.org/resource/Mount_Lebanon,0,http://linked.aub.edu.lb/CODEC/observation/Mount_Lebanon-2018-02-Plague,https://www.moph.gov.lb/userfiles/files/Esu_data/Esu_pastyears/Mount2018.htm,Ministry of Public Health,http://dbpedia.org/resource/Bubonic_plague,http://linked.aub.edu.lb/CODEC/Dataset/Plague,http://server/unset-base/02-2018
https://dbpedia.org/resource/Mount_Lebanon,0,http://linked.aub.edu.lb/CODEC/observation/Mount_Lebanon-2018-03-Plague,https://www.moph.gov.lb/userfiles/files/Esu_data/Esu_pastyears/Mount2018.htm,Ministry of Public Health,http://dbpedia.org/resource/Bubonic_plague,http://linked.aub.edu.lb/CODEC/Dataset/Plague,http://server/unset-base/03-2018
https://dbpedia.org/resource/Mount_Lebanon,0,http://linked.aub.edu.lb/CODEC/observation/Mount_Lebanon-2018-04-Plague,https://www.moph.gov.lb/userfiles/files/Esu_data/Esu_pastyears/Mount2018.htm,Ministry of Public Health,http://dbpedia.org/resource/Bubonic_plague,http://linked.aub.edu.lb/CODEC/Dataset/Plague,http://server/unset-base/04-2018
https://dbpedia.org/resource/Mount_Lebanon,0,http://linked.aub.edu.lb/CODEC/observation/Mount_Lebanon-2018-05-Plague,https://www.moph.gov.lb/userfiles/files/Esu_data/Esu_pastyears/Mount2018.htm,Ministry of Public Health,http://dbpedia.org/resource/Bubonic_plague,http://linked.aub.edu.lb/CODEC/Dataset/Plague,http://server/unset-base/05-2018
https://dbpedia.org/resource/Mount_Lebanon,0,http://linked.aub.edu.lb/CODEC/observation/Mount_Lebanon-2018-06-Plague,https://www.moph.gov.lb/userfiles/files/Esu_data/Esu_pastyears/Mount2018.htm,Ministry of Public Health,http://dbpedia.org/resource/Bubonic_plague,http://linked.aub.edu.lb/CODEC/Dataset/Plague,http://server/unset-base/06-2018
https://dbpedia.org/resource/Mount_Lebanon,0,http://linked.aub.edu.lb/CODEC/observation/Mount_Lebanon-2018-07-Plague,https://www.moph.gov.lb/userfiles/files/Esu_data/Esu_pastyears/Mount2018.htm,Ministry of Public Health,http://dbpedia.org/resource/Bubonic_plague,http://linked.aub.edu.lb/CODEC/Dataset/Plague,http://server/unset-base/07-2018
https://dbpedia.org/resource/Mount_Lebanon,0,http://linked.aub.edu.lb/CODEC/observation/Mount_Lebanon-2018-08-Plague,https://www.moph.gov.lb/userfiles/files/Esu_data/Esu_pastyears/Mount2018.htm,Ministry of Public Health,http://dbpedia.org/resource/Bubonic_plague,http://linked.aub.edu.lb/CODEC/Dataset/Plague,http://server/unset-base/08-2018
https://dbpedia.org/resource/Mount_Lebanon,0,http://linked.aub.edu.lb/CODEC/observation/Mount_Lebanon-2018-09-Plague,https://www.moph.gov.lb/userfiles/files/Esu_data/Esu_pastyears/Mount2018.htm,Ministry of Public Health,http://dbpedia.org/resource/Bubonic_plague,http://linked.aub.edu.lb/CODEC/Dataset/Plague,http://server/unset-base/09-2018
https://dbpedia.org/resource/Mount_Lebanon,0,http://linked.aub.edu.lb/CODEC/observation/Mount_Lebanon-2018-10-Plague,https://www.moph.gov.lb/userfiles/files/Esu_data/Esu_pastyears/Mount2018.htm,Ministry of Public Health,http://dbpedia.org/resource/Bubonic_plague,http://linked.aub.edu.lb/CODEC/Dataset/Plague,http://server/unset-base/10-2018
https://dbpedia.org/resource/Mount_Lebanon,0,http://linked.aub.edu.lb/CODEC/observation/Mount_Lebanon-2018-11-Plague,https://www.moph.gov.lb/userfiles/files/Esu_data/Esu_pastyears/Mount2018.htm,Ministry of Public Health,http://dbpedia.org/resource/Bubonic_plague,http://linked.aub.edu.lb/CODEC/Dataset/Plague,http://server/unset-base/11-2018
https://dbpedia.org/resource/Mount_Lebanon,0,http://linked.aub.edu.lb/CODEC/observation/Mount_Lebanon-2018-12-Plague,https://www.moph.gov.lb/userfiles/files/Esu_data/Esu_pastyears/Mount2018.htm,Ministry of Public Health,http://dbpedia.org/resource/Bubonic_plague,http://linked.aub.edu.lb/CODEC/Dataset/Plague,http://server/unset-base/12-2018
https://dbpedia.org/resource/Beqaa_Valley,0,http://linked.aub.edu.lb/CODEC/observation/Bekaa-2018-01-Plague,https://www.moph.gov.lb/userfiles/files/Esu_data/Esu_pastyears/Bekaa2018.htm,Ministry of Public Health,http://dbpedia.org/resource/Bubonic_plague,http://linked.aub.edu.lb/CODEC/Dataset/Plague,http://server/unset-base/01-2018
https://dbpedia.org/resource/Beqaa_Valley,0,http://linked.aub.edu.lb/CODEC/observation/Bekaa-2018-02-Plague,https://www.moph.gov.lb/userfiles/files/Esu_data/Esu_pastyears/Bekaa2018.htm,Ministry of Public Health,http://dbpedia.org/resource/Bubonic_plague,http://linked.aub.edu.lb/CODEC/Dataset/Plague,http://server/unset-base/02-2018
https://dbpedia.org/resource/Beqaa_Valley,0,http://linked.aub.edu.lb/CODEC/observation/Bekaa-2018-03-Plague,https://www.moph.gov.lb/userfiles/files/Esu_data/Esu_pastyears/Bekaa2018.htm,Ministry of Public Health,http://dbpedia.org/resource/Bubonic_plague,http://linked.aub.edu.lb/CODEC/Dataset/Plague,http://server/unset-base/03-2018
https://dbpedia.org/resource/Beqaa_Valley,0,http://linked.aub.edu.lb/CODEC/observation/Bekaa-2018-04-Plague,https://www.moph.gov.lb/userfiles/files/Esu_data/Esu_pastyears/Bekaa2018.htm,Ministry of Public Health,http://dbpedia.org/resource/Bubonic_plague,http://linked.aub.edu.lb/CODEC/Dataset/Plague,http://server/unset-base/04-2018
https://dbpedia.org/resource/Beqaa_Valley,0,http://linked.aub.edu.lb/CODEC/observation/Bekaa-2018-05-Plague,https://www.moph.gov.lb/userfiles/files/Esu_data/Esu_pastyears/Bekaa2018.htm,Ministry of Public Health,http://dbpedia.org/resource/Bubonic_plague,http://linked.aub.edu.lb/CODEC/Dataset/Plague,http://server/unset-base/05-2018
https://dbpedia.org/resource/Beqaa_Valley,0,http://linked.aub.edu.lb/CODEC/observation/Bekaa-2018-06-Plague,https://www.moph.gov.lb/userfiles/files/Esu_data/Esu_pastyears/Bekaa2018.htm,Ministry of Public Health,http://dbpedia.org/resource/Bubonic_plague,http://linked.aub.edu.lb/CODEC/Dataset/Plague,http://server/unset-base/06-2018
https://dbpedia.org/resource/Beqaa_Valley,0,http://linked.aub.edu.lb/CODEC/observation/Bekaa-2018-07-Plague,https://www.moph.gov.lb/userfiles/files/Esu_data/Esu_pastyears/Bekaa2018.htm,Ministry of Public Health,http://dbpedia.org/resource/Bubonic_plague,http://linked.aub.edu.lb/CODEC/Dataset/Plague,http://server/unset-base/07-2018
https://dbpedia.org/resource/Beqaa_Valley,0,http://linked.aub.edu.lb/CODEC/observation/Bekaa-2018-08-Plague,https://www.moph.gov.lb/userfiles/files/Esu_data/Esu_pastyears/Bekaa2018.htm,Ministry of Public Health,http://dbpedia.org/resource/Bubonic_plague,http://linked.aub.edu.lb/CODEC/Dataset/Plague,http://server/unset-base/08-2018
https://dbpedia.org/resource/Beqaa_Valley,0,http://linked.aub.edu.lb/CODEC/observation/Bekaa-2018-09-Plague,https://www.moph.gov.lb/userfiles/files/Esu_data/Esu_pastyears/Bekaa2018.htm,Ministry of Public Health,http://dbpedia.org/resource/Bubonic_plague,http://linked.aub.edu.lb/CODEC/Dataset/Plague,http://server/unset-base/09-2018
https://dbpedia.org/resource/Beqaa_Valley,0,http://linked.aub.edu.lb/CODEC/observation/Bekaa-2018-10-Plague,https://www.moph.gov.lb/userfiles/files/Esu_data/Esu_pastyears/Bekaa2018.htm,Ministry of Public Health,http://dbpedia.org/resource/Bubonic_plague,http://linked.aub.edu.lb/CODEC/Dataset/Plague,http://server/unset-base/10-2018
https://dbpedia.org/resource/Beqaa_Valley,0,http://linked.aub.edu.lb/CODEC/observation/Bekaa-2018-11-Plague,https://www.moph.gov.lb/userfiles/files/Esu_data/Esu_pastyears/Bekaa2018.htm,Ministry of Public Health,http://dbpedia.org/resource/Bubonic_plague,http://linked.aub.edu.lb/CODEC/Dataset/Plague,http://server/unset-base/11-2018
https://dbpedia.org/resource/Beqaa_Valley,0,http://linked.aub.edu.lb/CODEC/observation/Bekaa-2018-12-Plague,https://www.moph.gov.lb/userfiles/files/Esu_data/Esu_pastyears/Bekaa2018.htm,Ministry of Public Health,http://dbpedia.org/resource/Bubonic_plague,http://linked.aub.edu.lb/CODEC/Dataset/Plague,http://server/unset-base/12-2018
